ST Customer,Dispensary Name,Street Address,City,Zip Code,County,BLS Region,License Number
Echelon,Terrabis - Dixon,1679 S Galena Ave.,Dixon,61021,Lee,Northwest Illinois nonmetropolitan area,284000351
Echelon,Terrabis - Grayville,105 Koehler St.,Grayville,62844,White,South Illinois Nonmetropolitan,284000227
Six Labs,NuEra - Champaign,102 E. Green St.,Champaign,61820,Champaign,Champaign-Urbana,284000115
Six Labs,NuEra - East Dubuque,20170 US Highway 20 W,East Dubuque,61025,Jo Daviess,Northwest Illinois nonmetropolitan area,284000211
Six Labs,NuEra - Urbana,105 E University Ave,Urbana,61801,Champaign,Champaign-Urbana,280000046
Curaleaf,Curaleaf - Deerfield,677 Lake Cook Rd,Deerfield,60015,Lake,Chicago-Naperville-Elgin,280000018
Curaleaf,Curaleaf - Morris,2400 W US Route 6,Morris,60450,Grundy,Chicago-Naperville-Elgin,280000037
Curaleaf,Curaleaf - New Lenox,705 E Lincoln Hwy.,New Lenox,60451,Will,Chicago-Naperville-Elgin,280000017
Curaleaf,Curaleaf - Northbrook,755 Skokie Blvd.,Northbrook,60602,Cook,Chicago-Naperville-Elgin,284000090
Curaleaf,Curaleaf - Skokie,10000 Skokie Blvd,Skokie,60077,Cook,Chicago-Naperville-Elgin,284000093
Curaleaf,Zen Leaf - Highland Park,2030 Skokie Valley Rd,Highland Park,60035,Lake,Chicago-Naperville-Elgin,280000032
Curaleaf,Zen Leaf - Prospect Heights,1434 N Rand Rd.,Prospect Heights,60070,Cook,Chicago-Naperville-Elgin,284000081
Curaleaf,Zen Leaf - Rogers Park,7305 N Rogers Ave,Chicago,60626,Cook,Chicago-Naperville-Elgin,280000054
Drecisco Farms,Imperial Products,2638 Davisson ST,River Grove,60171,Cook,Chicago-Naperville-Elgin,IN00000012
KANHA,Phili - Bourbonnais,1300 Locke Dr.,Bourbonnais,60914,Kankakee,Kankakee,284000229
KANHA,Terrace - Milan,800 Tech Dr,Milan,61264,Rock Island,Davenport-Moline-Rock Island,284000176
Revolution,Bud and Ritas - Wadsworth,41509 N US Highway 41,Wadsworth,60083,Lake,Chicago-Naperville-Elgin,284000277
Revolution,Revolution - Maryville,2533 Vandalia St,Collinsville,62234,Madison,"St. Louis, MO",284000167
Revolution,Revolution - Moline,4301 44th Ave,Moline,61265,Rock Island,Davenport-Moline-Rock Island,284000174
Revolution,Rise - Joliet  Colorado Ave,2903 Colorado Ave.,Joliet,60431,Will,Chicago-Naperville-Elgin,284000044
Revolution,Starbuds - Burbank,7844 S Cicero Ave,Burbank,60459,Cook,Chicago-Naperville-Elgin,284000285
Revolution,Starbuds - Riverside,2704 Harlem Ave,Riverside,60546,Cook,Chicago-Naperville-Elgin,284000268
Revolution,Starbuds - Westmont,101 W Ogden Ave,Westmont,60559,DuPage,Chicago-Naperville-Elgin,284000164
Revolution,Terrace - Alton,1400 E Broadway,Alton,62002,Madison,"St. Louis, MO",284000258
Revolution,Zen Leaf - Pilsen,1301 S Western Ave,Chicago,60608,Cook,Chicago-Naperville-Elgin,280000051
Revolution,Zen Leaf - Rogers Park,7305 N Rogers Ave,Chicago,60626,Cook,Chicago-Naperville-Elgin,280000054
Revolution,Dutchess - Lynwood,20513 Torrence Ave,Lynwood,60411,Will,Chicago-Naperville-Elgin,284000158
Revolution,Dutchess - Markham,3063 W 159th St.,Markham,60428,Cook,Chicago-Naperville-Elgin,284000159
Revolution,Dutchess Cannabis - Oak Park,1132 Lake St,Oak Park,60301,Cook,Chicago-Naperville-Elgin,28000041
Revolution,Market 96 - Owego,1144 Douglas Rd.,Oswego,60543,Kendall,Chicago-Naperville-Elgin,284000238
Revolution,Revolution - Normal,1609 Northbrook Dr,Normal,61761,McLean,Bloomington,284000221
Revolution,Revolution - Schaumburg,820 E. Golf Rd.,Schaumburg,60173,Cook,Chicago-Naperville-Elgin,284000123
Revolution,Rise - Lake in the Hills,270 N Randall Rd,Lake In The Hills,60156,McHenry,Chicago-Naperville-Elgin,284000110
Revolution,Rise - Mundelein,1325 Armour Blvd,Mundelein,60060,Lake,Chicago-Naperville-Elgin,280000002
Revolution,Rise - Niles,9621 N Milwaukee Ave.,Niles,60714,Cook,Chicago-Naperville-Elgin,284000055
Revolution,Starbuds - Hoffman Estates,5 E Golf Rd,Hoffman Estates,60169,Cook,Chicago-Naperville-Elgin,284000271
Revolution,Terrace - Milan,800 Tech Dr,Milan,61264,Rock Island,Davenport-Moline-Rock Island,284000176
Revolution,Terrace - Moline,2727 Avenue of the Cities,Moline,61265,Rock Island,Davenport-Moline-Rock Island,284000175
Revolution,Zen Leaf - Highland Park,2030 Skokie Valley Rd,Highland Park,60035,Lake,Chicago-Naperville-Elgin,280000032
Revolution,Zen Leaf - Prospect Heights,1434 N Rand Rd.,Prospect Heights,60070,Cook,Chicago-Naperville-Elgin,284000081
Curaleaf,Curaleaf - Justice,8340 S Roberts Rd,Justice,60458,Cook,Chicago-Naperville-Elgin,280000021
Curaleaf,Curaleaf - Lincoln Park,923 W. Weed St.,Chicago,60642,Cook,Chicago-Naperville-Elgin,284000089
Echelon,High Profile - Springfield,4211 Conestoga Dr,Springfield,62711,Sangamon,Springfield,284000178
Echelon,Mystic Greenz - Belleville,360 S Green Mount Rd,Belleville,62221,St. Clair,"St. Louis, MO",284000330
KANHA,Altius - Round Lake Beach,993 E Rollins Rd,Round Lake Beach,60073,Lake,Chicago-Naperville-Elgin,284000163
KANHA,Terrace - Alton,1400 E Broadway,Alton,62002,Madison,"St. Louis, MO",284000258
KANHA,Bridge City - East Dubuque,122 Sinsinawa Ave,East Dubuque,61025,Jo Daviess,Northwest Illinois nonmetropolitan area,284000307
Revolution,Bisa Lina - Carol Stream,720 E North Ave,Carol Stream,60188,DuPage,Chicago-Naperville-Elgin,284000318
Revolution,Dutchess Cannabis - Morton Grove,6761 Dempster St,Morton Grove,60053,Cook,Chicago-Naperville-Elgin,284000106
Revolution,Revolution - Mt Prospect,2015 E Euclid Ave,Mt Prospect,60056,Cook,Chicago-Naperville-Elgin,280000015
Revolution,Seven Point - Danville,380 Eastgate Dr.,Danville,61834,Vermilion,Danville,284000316
Revolution,Zen Leaf - St. Charles,3691 E. Main St.,Saint Charles,60174,Kane,Chicago-Naperville-Elgin,280000020
Six Labs,Windy City Cannabis - Litchfield,719 W Union Ave,Litchfield,62056,Montgomery,West Central Illinois Nonmetropolitan,280000052
Six Labs,Windy City Cannabis - Macomb,518 W Jackson St,Macomb,61455,McDonough,West Central Illinois Nonmetropolitan,284000112
Six Labs,Cookies - Pontoon Beach,5111 State Route 111,Pontoon Beach,62040,Madison,"St. Louis, MO",284000320
Timeless Select,Beyond Hello - Bloomington,118 Keaton Place,Bloomington,61704,McLean,Bloomington,284000085
Timeless Select,Beyond/Hello - Normal,501 W Northtown Rd,Normal,61761,McLean,Bloomington,280000045
Timeless Select,Beyond/Hello - Peoria,7620 N IL Rt 91,Peoria,61615,Peoria,Peoria,284000233
Timeless Select,Beyond Hello - Mississippi Ave,1401 Mississippi Ave. Ste. 17,Sauget,62201,St. Clair,"St. Louis, MO",284000079
Timeless Select,Beyond/Hello - Goose Lake,2021 Goose Lake Rd,Sauget,62206,St. Clair,"St. Louis, MO",280000043
Curaleaf,Beyond Hello - Bloomington,118 Keaton Place,Bloomington,61704,McLean,Bloomington,284000085
Curaleaf,Beyond/Hello - Normal,501 W Northtown Rd,Normal,61761,McLean,Bloomington,280000045
Curaleaf,Beyond/Hello - Peoria,7620 N IL Rt 91,Peoria,61615,Peoria,Peoria,284000233
Curaleaf,Ivy Hall - Bolingbrook,361 S Bolingbrook Dr,Bolingbrook,60440,Will,Chicago-Naperville-Elgin,284000183
Curaleaf,Ivy Hall - Glendale Heights,2130 Bloomingdale Rd Unit B,Glendale Heights,60139,DuPage,Chicago-Naperville-Elgin,284000182
Curaleaf,Ivy Hall - Logan Square,3115 W Armitage Ave,Chicago,60647,Cook,Chicago-Naperville-Elgin,284000184
Curaleaf,Ivy Hall - Peoria,3929 W. War Memorial Dr,Peoria,61615,Peoria,Peoria,284000230
Curaleaf,Windy City Cannabis - Homewood,1137 W. 175th St,Homewood,60430,Cook,Chicago-Naperville-Elgin,280000019
Curaleaf,Windy City Cannabis - Posen,2535 Veterans Dr,Posen,60469,Cook,Chicago-Naperville-Elgin,280000026
Revolution,Curaleaf - Deerfield,677 Lake Cook Rd,Deerfield,60015,Lake,Chicago-Naperville-Elgin,280000018
Revolution,Curaleaf - Justice,8340 S Roberts Rd,Justice,60458,Cook,Chicago-Naperville-Elgin,280000021
Revolution,Curaleaf - Lincoln Park,923 W. Weed St.,Chicago,60642,Cook,Chicago-Naperville-Elgin,284000089
Revolution,Curaleaf - Melrose Park,1413 West North Ave.,Melrose Park,60160,Cook,Chicago-Naperville-Elgin,284000091
Revolution,Curaleaf - Morris,2400 W US Route 6,Morris,60450,Grundy,Chicago-Naperville-Elgin,280000037
Revolution,Curaleaf - New Lenox,705 E Lincoln Hwy.,New Lenox,60451,Will,Chicago-Naperville-Elgin,280000017
Revolution,Curaleaf - Northbrook,755 Skokie Blvd.,Northbrook,60602,Cook,Chicago-Naperville-Elgin,284000090
Revolution,Curaleaf - Skokie,10000 Skokie Blvd,Skokie,60077,Cook,Chicago-Naperville-Elgin,284000093
Revolution,Curaleaf - Westmont,11 E. Ogden Ave.,Westmont,60559,DuPage,Chicago-Naperville-Elgin,284000117
Revolution,Curaleaf - Worth,11425 S Harlem Ave,Worth,60482,Cook,Chicago-Naperville-Elgin,280000023
Revolution,Mission - Calumet City,1330 Torrence Ave.,Calumet City,60409,Cook,Chicago-Naperville-Elgin,284000075
Revolution,Mission - Chicago,8554 S Commercial Ave,Chicago,60617,Cook,Chicago-Naperville-Elgin,280000053
Curaleaf,Ivy Hall - Montgomery,1970 Caterpillar Dr,Montgomery,60538,Kane,Chicago-Naperville-Elgin,284000181
Curaleaf,Smokehouse - Fox Lake,44 S US Highway 12,Fox Lake,60020,Lake,Chicago-Naperville-Elgin,284000347
Revolution,Phili - Bourbonnais,1300 Locke Dr.,Bourbonnais,60914,Kankakee,Kankakee,284000229
Curaleaf,Cloudhaven - South Beloit,1322 Gardner St.,South Beloit,61080,Winnebago,Rockford,284000166
Curaleaf,Rise - Charleston,909 Lincoln Ave.,Charleston,61920,Coles,East Central IL Nonmetropolitan,284000130
Curaleaf,Rise - Effingham,1011 Ford Ave Ste C,Effingham,62401,Effingham,East Central IL Nonmetropolitan,280000042
Curaleaf,The Happy Cannabis Company - Loves Park,4120 N Bell School Rd,Loves Park,61111,Winnebago,Rockford,284000102
Curaleaf,The Happy Cannabis Company - Rockford,4777 Stenstrom Rd,Rockford,61109,Winnebago,Rockford,284000011
Echelon,Mystic Greenz - Decatur,5405 Indus. Dr.,Decatur,62522,Macon,Decatur,284000312
KANHA,Consume - Carbondale,201 E. Main Street,Carbondale,62901,Jackson,Carbondale-Marion,284000058
KANHA,Consume - Marion,8195 Express Dr,Marion,62959,Marion,East Central IL Nonmetropolitan,280000001
KANHA,Spark'd - Richmond,9705 Prairie Ridge,Richmond,60071,McHenry,Chicago-Naperville-Elgin,284000273
Revolution,Altius - Carol Stream,506 S Schmale Rd,Carol Stream,60188,DuPage,Chicago-Naperville-Elgin,284000274
Revolution,Altius - Round Lake Beach,993 E Rollins Rd,Round Lake Beach,60073,Lake,Chicago-Naperville-Elgin,284000163
Revolution,Ash Ivy - Benton,9 N Rend Lake Plz,Benton,62812,Franklin,South Illinois Nonmetropolitan,284000349
Revolution,Revolution - Maryville,2533 Vandalia St,Collinsville,62234,Madison,"St. Louis, MO",284000167
Revolution,Revolution - Moline,4301 44th Ave,Moline,61265,Rock Island,Davenport-Moline-Rock Island,284000174
Revolution,Shangri La - Springfiled,3128 S Dirksen Pkwy,Springfield,62703,Sangamon,Springfield,284000220
Revolution,Spark'd - Richmond,9705 Prairie Ridge,Richmond,60071,McHenry,Chicago-Naperville-Elgin,284000273
Six Labs,Ash Ivy - Benton,9 N Rend Lake Plz,Benton,62812,Franklin,South Illinois Nonmetropolitan,284000349
Six Labs,Consume - Carbondale,201 E. Main Street,Carbondale,62901,Jackson,Carbondale-Marion,284000058
Six Labs,Consume - Marion,8195 Express Dr,Marion,62959,Marion,East Central IL Nonmetropolitan,280000001
Six Labs,Mystic Greenz - Decatur,5405 Indus. Dr.,Decatur,62522,Macon,Decatur,284000312
Six Labs,Seven Point - Danville,380 Eastgate Dr.,Danville,61834,Vermilion,Danville,284000316
Curaleaf,Curaleaf - Deerfield,677 Lake Cook Rd,Deerfield,60015,Lake,Chicago-Naperville-Elgin,280000018
Curaleaf,Curaleaf - Northbrook,755 Skokie Blvd.,Northbrook,60602,Cook,Chicago-Naperville-Elgin,284000090
Curaleaf,Curaleaf - Skokie,10000 Skokie Blvd,Skokie,60077,Cook,Chicago-Naperville-Elgin,284000093
Drecisco Farms,Thrive - Casey,912 N Route 49,Casey,62420,Clark,East Central IL Nonmetropolitan,284000171
Drecisco Farms,Thrive - Harrisburg,105 N Veterans Drive,Harrisburg,62946,Saline,South Illinois Nonmetropolitan,280000031
Drecisco Farms,Thrive - Metropolis,1551 E. 5th St.,Metropolis,62960,Massac,South Illinois Nonmetropolitan,284000122
Drecisco Farms,Thrive - Mt. Vernon,800 S 45th St,Mount Vernon,62864,Jefferson,South Illinois Nonmetropolitan,284000066
Elevated Cannabis,High Profile - Metropolis,1801 E 5th St,Metropolis,62960,Massac,South Illinois Nonmetropolitan,284000314
Elevated Cannabis,Thrive - Metropolis,1551 E. 5th St.,Metropolis,62960,Massac,South Illinois Nonmetropolitan,284000122
KANHA,Consume - St. Charles,584 S Randall Rd.,St Charles,60174,Kane,Chicago-Naperville-Elgin,284000295
KANHA,Spark'd - Winthrop Harbor,935 Sheridan Rd,Winthrop Harbor,60096,Lake,Chicago-Naperville-Elgin,284000272
KANHA,Dispensary 33 - Clark,5001 N Clark St,Chicago,60640,Cook,Chicago-Naperville-Elgin,280000012
KANHA,Spark'd - Richmond,9705 Prairie Ridge,Richmond,60071,McHenry,Chicago-Naperville-Elgin,284000273
KANHA,Thrive - Metropolis,1551 E. 5th St.,Metropolis,62960,Massac,South Illinois Nonmetropolitan,284000122
Timeless Select,Zen Leaf - Aurora,740 IL Rte 59,Aurora,60504,DuPage,Chicago-Naperville-Elgin,284000068
Timeless Select,Zen Leaf - Evanston,1804 Maple Ave,Evanston,60201,Cook,Chicago-Naperville-Elgin,280000009
Timeless Select,Zen Leaf - Greektown,222 S Halsted St,Chicago,60661,Cook,Chicago-Naperville-Elgin,284000107
Timeless Select,Zen Leaf - Lombard,783 Butterfield Rd.,Lombard,60148,DuPage,Chicago-Naperville-Elgin,284000101
Timeless Select,Zen Leaf - Naperville,"1516 N. Naper Blvd, Spc 100",Naperville,60563,DuPage,Chicago-Naperville-Elgin,284000078
Timeless Select,Zen Leaf - Pilsen,1301 S Western Ave,Chicago,60608,Cook,Chicago-Naperville-Elgin,280000051
Timeless Select,Zen Leaf - Prospect Heights,1434 N Rand Rd.,Prospect Heights,60070,Cook,Chicago-Naperville-Elgin,284000081
Timeless Select,Zen Leaf - Rogers Park,7305 N Rogers Ave,Chicago,60626,Cook,Chicago-Naperville-Elgin,280000054
Curaleaf,Aroma Hill - Peoria,1210 W Glen Ave,Peoria,61614,Peoria,Peoria,284000265
Curaleaf,Herb Social - Lawrenceville,616 12th St.,Lawrenceville,62439,Lawrence,East Central IL Nonmetropolitan,284000172
Curaleaf,Key Cannabis - Carbondale,1010 E Main St,Carbondale,62901,Jackson,Carbondale-Marion,284000215
Curaleaf,Mystic Greenz - Decatur,5405 Indus. Dr.,Decatur,62522,Macon,Decatur,284000312
Curaleaf,Mystic Greenz - Lincoln,1120 Woodlawn Rd,Lincoln,62656,Logan,West Central Illinois Nonmetropolitan,284000212
Curaleaf,Natures Treatment - Galesburg,735 W. Main St.,Galesburg,61401,Knox,West Central Illinois Nonmetropolitan,284000054
Curaleaf,Natures Treatment - Milan ,973 Tech Dr,Milan,61264,Rock Island,Davenport-Moline-Rock Island,280000025
Curaleaf,Starbuds - Hoffman Estates,5 E Golf Rd,Hoffman Estates,60169,Cook,Chicago-Naperville-Elgin,284000271
Curaleaf,Windy City Cannabis - Carpentersville,125 S Western Ave,Carpentersville,60110,Kane,Chicago-Naperville-Elgin,284000111
Curaleaf,Windy City Cannabis - Highwood,260 Green Bay Rd.,Highwood,60040,Lake,Chicago-Naperville-Elgin,284000100
Revolution,Dispensary 33 - Clark,5001 N Clark St,Chicago,60640,Cook,Chicago-Naperville-Elgin,280000012
Revolution,Revolution - Mt Prospect,2015 E Euclid Ave,Mt Prospect,60056,Cook,Chicago-Naperville-Elgin,280000015
Revolution,Rise - Joliet  Colorado Ave,2903 Colorado Ave.,Joliet,60431,Will,Chicago-Naperville-Elgin,284000044
Revolution,Spark'd - Richmond,9705 Prairie Ridge,Richmond,60071,McHenry,Chicago-Naperville-Elgin,284000273
Revolution,Spark'd - Wicker Park,1212 N Ashland Ave,Chicago,60622,Cook,Chicago-Naperville-Elgin,284000193
Rove Brand,High Profile - Metropolis,1801 E 5th St,Metropolis,62960,Massac,South Illinois Nonmetropolitan,284000314
Rove Brand,Thrive - Metropolis,1551 E. 5th St.,Metropolis,62960,Massac,South Illinois Nonmetropolitan,284000122
Curaleaf,Noxx - East Peoria,300 S Main St,East Peoria,61611,Tazewell,Peoria,284000209
Curaleaf,Rise - Joliet  Rock Creek,1627 Rock Creek Blvd,Joliet,60431,Will,Chicago-Naperville-Elgin,280000011
Curaleaf,Sociale - Park Ridge,1036 Higgins Rd,Park Ridge,60068,Cook,Chicago-Naperville-Elgin,284000317
Curaleaf,Windy City Cannabis - Homewood,1137 W. 175th St,Homewood,60430,Cook,Chicago-Naperville-Elgin,280000019
Curaleaf,Windy City Cannabis - Litchfield,719 W Union Ave,Litchfield,62056,Montgomery,West Central Illinois Nonmetropolitan,280000052
Curaleaf,Windy City Cannabis - Macomb,518 W Jackson St,Macomb,61455,McDonough,West Central Illinois Nonmetropolitan,284000112
Curaleaf,Windy City Cannabis - Posen,2535 Veterans Dr,Posen,60469,Cook,Chicago-Naperville-Elgin,280000026
Elevated Cannabis,Windy City Cannabis - Highwood,260 Green Bay Rd.,Highwood,60040,Lake,Chicago-Naperville-Elgin,284000100
Elevated Cannabis,Windy City Cannabis - Litchfield,719 W Union Ave,Litchfield,62056,Montgomery,West Central Illinois Nonmetropolitan,280000052
Elevated Cannabis,BLOC - Metropolis,2125 E 5th St,Metropolis,62960,Massac,South Illinois Nonmetropolitan,284000340
Elevated Cannabis,High Profile - Martinsville,3001 N York St.,Martinsville,62442,Clark,East Central IL Nonmetropolitan,284000305
Elevated Cannabis,Thrive - Anna,87 Richview Drive,Anna,62906,Union,South Illinois Nonmetropolitan,280000036
Elevated Cannabis,Thrive - Harrisburg,105 N Veterans Drive,Harrisburg,62946,Saline,South Illinois Nonmetropolitan,280000031
Elevated Cannabis,Thrive - Mt. Vernon,800 S 45th St,Mount Vernon,62864,Jefferson,South Illinois Nonmetropolitan,284000066
KANHA,Cloud9 - Oswego,2420 US Highway 30,Oswego,60543,Kendall,Chicago-Naperville-Elgin,284000292
KANHA,Consume - Antioch,471 Main St,Antioch,60002,Lake,Chicago-Naperville-Elgin,284000294
KANHA,Dutchess - Markham,3063 W 159th St.,Markham,60428,Cook,Chicago-Naperville-Elgin,284000159
KANHA,Dutchess Cannabis - Morton Grove,6761 Dempster St,Morton Grove,60053,Cook,Chicago-Naperville-Elgin,284000106
KANHA,Dutchess Cannabis - N. Riverside,8380 W Cermak Rd,North Riverside,60546,Cook,Chicago-Naperville-Elgin,284000334
KANHA,Dutchess Cannabis - Oak Park,1132 Lake St,Oak Park,60301,Cook,Chicago-Naperville-Elgin,28000041
KANHA,Emerald - Island Lake,660 E State Rd.,Island Lake,60042,Lake,Chicago-Naperville-Elgin,284000256
KANHA,Hatch - Addison,1433 W Fullerton Ave Ste C,Addison,60101,DuPage,Chicago-Naperville-Elgin,280000038
KANHA,Hatch - Wheeling,1500 E Lake Cook Rd,Wheeling,60090,Lake,Chicago-Naperville-Elgin,284000105
KANHA,Cloud9 - East Peoria,406 W Camp St.,East Peoria,61611,Tazewell,Peoria,284000303
KANHA,Cloud9 - Edwardsville,2341 Plum St,Edwardsville,62025,Madison,"St. Louis, MO",284000304
KANHA,SHARE - Springfield,3600 S 6th Street Rd,Springfield,62703,Sangamon,Springfield,284000179
Revolution,Nirvana - Chicago,2301 W Lawrence Ave,Chicago,60625,Cook,Chicago-Naperville-Elgin,284000252
Revolution,Rise - Canton,3104 N Main St,Canton,61520,Fulton,West Central Illinois Nonmetropolitan,280000003
Revolution,Rise - Joliet  Rock Creek,1627 Rock Creek Blvd,Joliet,60431,Will,Chicago-Naperville-Elgin,280000011
Revolution,Rise - Quincy,2703 Broadway St,Quincy,62301,Adams,West Central Illinois Nonmetropolitan,284000047
Rove Brand,Windy City Cannabis - Carpentersville,125 S Western Ave,Carpentersville,60110,Kane,Chicago-Naperville-Elgin,284000111
Rove Brand,Windy City Cannabis - Highwood,260 Green Bay Rd.,Highwood,60040,Lake,Chicago-Naperville-Elgin,284000100
Rove Brand,Windy City Cannabis - Litchfield,719 W Union Ave,Litchfield,62056,Montgomery,West Central Illinois Nonmetropolitan,280000052
Culinary,Blyss - Mt. Vernon,610B S 42nd St,Mount Vernon,62864,Jefferson,South Illinois Nonmetropolitan,284000226
Culinary,Green Temple - Troy,904 Edwardsville Rd.,Troy,62294,Madison,"St. Louis, MO",284000168
Curaleaf,Ascend Moca - Logan Square,2367 N Milwaukee Ave.,Chicago,60647,Cook,Chicago-Naperville-Elgin,280000028
Curaleaf,Ascend Moca - River North,216 W. Ohio St.,Chicago,60654,Cook,Chicago-Naperville-Elgin,284000052
Curaleaf,Ash Ivy - Benton,9 N Rend Lake Plz,Benton,62812,Franklin,South Illinois Nonmetropolitan,284000349
Curaleaf,Consume - Chicago,6428 N Milwaukee Ave,Chicago,60631,Cook,Chicago-Naperville-Elgin,280000047
Curaleaf,Consume - Oakbrook Terrace,1S130 Summit Ave.,Oakbrook Terrace,60181,DuPage,Chicago-Naperville-Elgin,284000070
Curaleaf,Consume - St. Charles,584 S Randall Rd.,St Charles,60174,Kane,Chicago-Naperville-Elgin,284000295
Curaleaf,High Profile - Martinsville,3001 N York St.,Martinsville,62442,Clark,East Central IL Nonmetropolitan,284000305
Curaleaf,Midway by Ascend - Chicago,5648 S Archer Ave,Chicago,60638,Cook,Chicago-Naperville-Elgin,280000033
Revolution,Aroma Hill - Fox Lake,1298 US Highway 12,Fox Lake,60020,Lake,Chicago-Naperville-Elgin,284000154
Revolution,Aroma Hill - Kankakee,2255 E Court St,Kankakee,60901,Kankakee,Kankakee,284000219
Revolution,Aroma Hill - Peoria,1210 W Glen Ave,Peoria,61614,Peoria,Peoria,284000265
Revolution,Cannabist - Villa Park,133 Roosevelt Rd.,Villa Park,60181,DuPage,Chicago-Naperville-Elgin,284000065
Revolution,Green Releaf - Villa Park,305 W North Ave,Villa Park,60181,DuPage,Chicago-Naperville-Elgin,284000148
Rove Brand,BLOC - Metropolis,2125 E 5th St,Metropolis,62960,Massac,South Illinois Nonmetropolitan,284000340
Rove Brand,High Profile - Martinsville,3001 N York St.,Martinsville,62442,Clark,East Central IL Nonmetropolitan,284000305
Rove Brand,Thrive - Anna,87 Richview Drive,Anna,62906,Union,South Illinois Nonmetropolitan,280000036
Rove Brand,Thrive - Harrisburg,105 N Veterans Drive,Harrisburg,62946,Saline,South Illinois Nonmetropolitan,280000031
Rove Brand,Thrive - Mt. Vernon,800 S 45th St,Mount Vernon,62864,Jefferson,South Illinois Nonmetropolitan,284000066
Six Labs,Rise - Canton,3104 N Main St,Canton,61520,Fulton,West Central Illinois Nonmetropolitan,280000003
Six Labs,Rise - Charleston,909 Lincoln Ave.,Charleston,61920,Coles,East Central IL Nonmetropolitan,284000130
Six Labs,Rise - Effingham,1011 Ford Ave Ste C,Effingham,62401,Effingham,East Central IL Nonmetropolitan,280000042
Six Labs,Rise - Quincy,2703 Broadway St,Quincy,62301,Adams,West Central Illinois Nonmetropolitan,284000047
Timeless Select,Curaleaf - Deerfield,677 Lake Cook Rd,Deerfield,60015,Lake,Chicago-Naperville-Elgin,280000018
Timeless Select,Curaleaf - Morris,2400 W US Route 6,Morris,60450,Grundy,Chicago-Naperville-Elgin,280000037
Timeless Select,Curaleaf - New Lenox,705 E Lincoln Hwy.,New Lenox,60451,Will,Chicago-Naperville-Elgin,280000017
Timeless Select,Curaleaf - Northbrook,755 Skokie Blvd.,Northbrook,60602,Cook,Chicago-Naperville-Elgin,284000090
Timeless Select,Curaleaf - Skokie,10000 Skokie Blvd,Skokie,60077,Cook,Chicago-Naperville-Elgin,284000093
Timeless Select,Curaleaf - Worth,11425 S Harlem Ave,Worth,60482,Cook,Chicago-Naperville-Elgin,280000023
Timeless Select,Zen Leaf - Highland Park,2030 Skokie Valley Rd,Highland Park,60035,Lake,Chicago-Naperville-Elgin,280000032
Timeless Select,Zen Leaf - St. Charles,3691 E. Main St.,Saint Charles,60174,Kane,Chicago-Naperville-Elgin,280000020
Curaleaf,Altius - Round Lake Beach,993 E Rollins Rd,Round Lake Beach,60073,Lake,Chicago-Naperville-Elgin,284000163
Curaleaf,Consume - Carbondale,201 E. Main Street,Carbondale,62901,Jackson,Carbondale-Marion,284000058
Curaleaf,Consume - Marion,8195 Express Dr,Marion,62959,Marion,East Central IL Nonmetropolitan,280000001
Curaleaf,High Profile - Metropolis,1801 E 5th St,Metropolis,62960,Massac,South Illinois Nonmetropolitan,284000314
Curaleaf,Ivy Hall - Bolingbrook,361 S Bolingbrook Dr,Bolingbrook,60440,Will,Chicago-Naperville-Elgin,284000183
Curaleaf,Ivy Hall - Crystal Lake,501 Pingree Rd.,Crystal Lake,60014,McHenry,Chicago-Naperville-Elgin,284000313
Curaleaf,Ivy Hall - Damen,1720 N Damen Ave.,Chicago,60647,Cook,Chicago-Naperville-Elgin,284000232
Curaleaf,Ivy Hall - Glendale Heights,2130 Bloomingdale Rd Unit B,Glendale Heights,60139,DuPage,Chicago-Naperville-Elgin,284000182
Curaleaf,Ivy Hall - Logan Square,3115 W Armitage Ave,Chicago,60647,Cook,Chicago-Naperville-Elgin,284000184
Curaleaf,Ivy Hall - Montgomery,1970 Caterpillar Dr,Montgomery,60538,Kane,Chicago-Naperville-Elgin,284000181
Curaleaf,Ivy Hall - Streamwood,630 S Sutton Rd,Streamwood,60107,Cook,Chicago-Naperville-Elgin,284000141
Curaleaf,Ivy Hall - Waukegan,996 S Waukegan Rd.,Waukegan,60085,Lake,Chicago-Naperville-Elgin,284000180
Curaleaf,Perception - Chicago,7000 N Clark St,Chicago,60626,Cook,Chicago-Naperville-Elgin,284000297
Curaleaf,Stash - Peru,1320 38th St,Peru,61354,LaSalle,Northwest Illinois nonmetropolitan area,284000170
Elevated Cannabis,Seven Point - Danville,380 Eastgate Dr.,Danville,61834,Vermilion,Danville,284000316
Elevated Cannabis,Windy City Cannabis - Homewood,1137 W. 175th St,Homewood,60430,Cook,Chicago-Naperville-Elgin,280000019
Elevated Cannabis,Windy City Cannabis - Posen,2535 Veterans Dr,Posen,60469,Cook,Chicago-Naperville-Elgin,280000026
KANHA,Cloud9 - Champaign,505 W Town Center Blvd.,Champaign,61822,Champaign,Champaign-Urbana,284000259
KANHA,Seven Point - Danville,380 Eastgate Dr.,Danville,61834,Vermilion,Danville,284000316
KANHA,Ascend - Fairview Heights,114 Commerce Ln,Fairview Heights,62208,St. Clair,"St. Louis, MO",284000104
KANHA,Bloom Wellness - Normal,1730 Bradford Ln Ste 185,Normal,61761,McLean,Bloomington,284000325
KANHA,Bloom Wellness - Quincy (1837),1837 Broadway St,Quincy,62301,Adams,West Central Illinois Nonmetropolitan,284000138
KANHA,Bloom Wellness - Quincy (4440),4440 Broadway St Ste 1,Quincy,62305,Adams,West Central Illinois Nonmetropolitan,284000004
KANHA,Lux Leaf - Matteson,5539 Miller Circle Dr,Matteson,60443,Cook,Chicago-Naperville-Elgin,284000296
KANHA,Windy City Cannabis - Macomb,518 W Jackson St,Macomb,61455,McDonough,West Central Illinois Nonmetropolitan,284000112
Revolution,Aroma Hill - Belvidere,1874 Crystal Parkway,Belvidere,61008,Boone,Rockford,284000165
Revolution,AuraLight - Aurora,1350 N Orchard Rd,Aurora,60506,Kane,Chicago-Naperville-Elgin,284000190
Revolution,Consume - Antioch,471 Main St,Antioch,60002,Lake,Chicago-Naperville-Elgin,284000294
Revolution,Revolution - Maryville,2533 Vandalia St,Collinsville,62234,Madison,"St. Louis, MO",284000167
Revolution,Revolution - Moline,4301 44th Ave,Moline,61265,Rock Island,Davenport-Moline-Rock Island,284000174
Revolution,Rise - Charleston,909 Lincoln Ave.,Charleston,61920,Coles,East Central IL Nonmetropolitan,284000130
Revolution,Rise - Effingham,1011 Ford Ave Ste C,Effingham,62401,Effingham,East Central IL Nonmetropolitan,280000042
Revolution,Rise - Naperville,1700 Quincy Ave Ste 103,Naperville,60540,DuPage,Chicago-Naperville-Elgin,280000027
Revolution,Rise - Niles,9621 N Milwaukee Ave.,Niles,60714,Cook,Chicago-Naperville-Elgin,284000055
Rove Brand,Seven Point - Danville,380 Eastgate Dr.,Danville,61834,Vermilion,Danville,284000316
Rove Brand,Windy City Cannabis - Homewood,1137 W. 175th St,Homewood,60430,Cook,Chicago-Naperville-Elgin,280000019
Rove Brand,Windy City Cannabis - Posen,2535 Veterans Dr,Posen,60469,Cook,Chicago-Naperville-Elgin,280000026
Curaleaf,Curaleaf - Deerfield,677 Lake Cook Rd,Deerfield,60015,Lake,Chicago-Naperville-Elgin,280000018
Curaleaf,Curaleaf - Morris,2400 W US Route 6,Morris,60450,Grundy,Chicago-Naperville-Elgin,280000037
Curaleaf,Curaleaf - New Lenox,705 E Lincoln Hwy.,New Lenox,60451,Will,Chicago-Naperville-Elgin,280000017
Curaleaf,Curaleaf - Northbrook,755 Skokie Blvd.,Northbrook,60602,Cook,Chicago-Naperville-Elgin,284000090
Curaleaf,Curaleaf - Skokie,10000 Skokie Blvd,Skokie,60077,Cook,Chicago-Naperville-Elgin,284000093
Curaleaf,Greenlight - Park City,3331 Belvidere Rd Suites B C,Park City,60085,Lake,Chicago-Naperville-Elgin,284000288
Curaleaf,Mystic Greenz - Belleville,360 S Green Mount Rd,Belleville,62221,St. Clair,"St. Louis, MO",284000330
Curaleaf,Mystic Greenz - Olive Branch,26650 IL State Route 3,Olive Branch,62969,Alexander,"Cape Girardeau, MO",284000214
Curaleaf,Thrive - Metropolis,1551 E. 5th St.,Metropolis,62960,Massac,South Illinois Nonmetropolitan,284000122
KANHA,Ascend by Homecoming - Tinley Pk,16200 Harlem Ave.,Tinley Park,60477,Cook,Chicago-Naperville-Elgin,284000235
KANHA,Ascend Moca - Logan Square,2367 N Milwaukee Ave.,Chicago,60647,Cook,Chicago-Naperville-Elgin,280000028
KANHA,Bloom Wellness - Hometown,4140 Southwest Hwy,Hometown,60456,Cook,Chicago-Naperville-Elgin,284000335
KANHA,Herb Social - Lawrenceville,616 12th St.,Lawrenceville,62439,Lawrence,East Central IL Nonmetropolitan,284000172
KANHA,Mission - Calumet City,1330 Torrence Ave.,Calumet City,60409,Cook,Chicago-Naperville-Elgin,284000075
KANHA,Mission - Chicago,8554 S Commercial Ave,Chicago,60617,Cook,Chicago-Naperville-Elgin,280000053
KANHA,Nirvana - Chicago,2301 W Lawrence Ave,Chicago,60625,Cook,Chicago-Naperville-Elgin,284000252
KANHA,Nirvana - Lake Zurich,676 S Rand Rd,Zake Zurich,60047,Lake,Chicago-Naperville-Elgin,284000251
KANHA,Nirvana - Mt. Carmel,825 Chestnut St,Mount Carmel,62863,Wabash,South Illinois Nonmetropolitan,284000255
KANHA,Planet 13 - Waukegan,4000 Northpoint Blvd,Waukegan,60085,Lake,Chicago-Naperville-Elgin,284000162
KANHA,Windy City Cannabis - Highwood,260 Green Bay Rd.,Highwood,60040,Lake,Chicago-Naperville-Elgin,284000100
KANHA,Windy City Cannabis - Homewood,1137 W. 175th St,Homewood,60430,Cook,Chicago-Naperville-Elgin,280000019
KANHA,Windy City Cannabis - Posen,2535 Veterans Dr,Posen,60469,Cook,Chicago-Naperville-Elgin,280000026
Revolution,Consume - Carbondale,201 E. Main Street,Carbondale,62901,Jackson,Carbondale-Marion,284000058
Revolution,Consume - Marion,8195 Express Dr,Marion,62959,Marion,East Central IL Nonmetropolitan,280000001
Revolution,High Haven - Darien,8131 Cass Ave,Darien,60561,DuPage,Chicago-Naperville-Elgin,284000328
Revolution,High Haven - Normal,106 Mall Dr,Normal,61761,McLean,Bloomington,284000332
Revolution,Lux Leaf - Matteson,5539 Miller Circle Dr,Matteson,60443,Cook,Chicago-Naperville-Elgin,284000296
Revolution,Mint - Willowbrook,900 75th St,Willowbrook,60527,Cook,Chicago-Naperville-Elgin,284000156
Revolution,Nirvana - Mt. Carmel,825 Chestnut St,Mount Carmel,62863,Wabash,South Illinois Nonmetropolitan,284000255
Revolution,Nuera - East Peoria,504 Riverside Dr,East Peoria,61611,Tazewell,Peoria,280000048
Revolution,NuEra - Pekin,3249 Court St.,Pekin,61554,Tazewell,Peoria,284000116
Revolution,Revolution - Normal,1609 Northbrook Dr,Normal,61761,McLean,Bloomington,284000221
Revolution,Revolution - Schaumburg,820 E. Golf Rd.,Schaumburg,60173,Cook,Chicago-Naperville-Elgin,284000123
Revolution,Rise - Canton,3104 N Main St,Canton,61520,Fulton,West Central Illinois Nonmetropolitan,280000003
Revolution,Rise - Effingham,1011 Ford Ave Ste C,Effingham,62401,Effingham,East Central IL Nonmetropolitan,280000042
Revolution,Rise - Lake in the Hills,270 N Randall Rd,Lake In The Hills,60156,McHenry,Chicago-Naperville-Elgin,284000110
Revolution,Rise - Mundelein,1325 Armour Blvd,Mundelein,60060,Lake,Chicago-Naperville-Elgin,280000002
Revolution,Spark'd - Winthrop Harbor,935 Sheridan Rd,Winthrop Harbor,60096,Lake,Chicago-Naperville-Elgin,284000272
Revolution,Terrabis - Grayville,105 Koehler St.,Grayville,62844,White,South Illinois Nonmetropolitan,284000227
Revolution,Terrabis - Plainfield,16020 S Route 59,Plainfield,60586,Will,Chicago-Naperville-Elgin,284000286
Six Labs,Nirvana - Mt. Carmel,825 Chestnut St,Mount Carmel,62863,Wabash,South Illinois Nonmetropolitan,284000255
Timeless Select,BLOC - Berwyn,7122 Ogden Ave,Berwyn,60402,Cook,Chicago-Naperville-Elgin,284000343
Timeless Select,Curaleaf - Melrose Park,1413 West North Ave.,Melrose Park,60160,Cook,Chicago-Naperville-Elgin,284000091
Timeless Select,Curaleaf - Westmont,11 E. Ogden Ave.,Westmont,60559,DuPage,Chicago-Naperville-Elgin,284000117
Timeless Select,BLOC - Avondale,3545 N Kedzie Ave,Chicago,60618,Cook,Chicago-Naperville-Elgin,284000278
Timeless Select,BLOC - Metropolis,2125 E 5th St,Metropolis,62960,Massac,South Illinois Nonmetropolitan,284000340
Timeless Select,Parkway - Tilton,2 Donna Dr.,Tilton,61833,Vermilion,Danville,284000173
Curaleaf,Curaleaf - Justice,8340 S Roberts Rd,Justice,60458,Cook,Chicago-Naperville-Elgin,280000021
Curaleaf,Curaleaf - Lincoln Park,923 W. Weed St.,Chicago,60642,Cook,Chicago-Naperville-Elgin,284000089
Curaleaf,Curaleaf - Melrose Park,1413 West North Ave.,Melrose Park,60160,Cook,Chicago-Naperville-Elgin,284000091
Curaleaf,Curaleaf - Westmont,11 E. Ogden Ave.,Westmont,60559,DuPage,Chicago-Naperville-Elgin,284000117
Curaleaf,Curaleaf - Worth,11425 S Harlem Ave,Worth,60482,Cook,Chicago-Naperville-Elgin,280000023
Curaleaf,Dispensary 33 - Fulton Market,1152 W. Randolph,Chicago,60607,Cook,Chicago-Naperville-Elgin,284000073
Curaleaf,Ivy Hall - Edwardsville,6197 Old Alton Edwardsville Rd,Edwardsville,62025,Madison,"St. Louis, MO",284000302
Curaleaf,Kush21 - Jacksonville,1112 Veterans Dr,Jacksonville,62650,Morgan,West Central Illinois Nonmetropolitan,284000213
Curaleaf,Stash - Orland Hills,9545 167th St.,Orland Hills,60487,Cook,Chicago-Naperville-Elgin,284000281
KANHA,Market 96 - Owego,1144 Douglas Rd.,Oswego,60543,Kendall,Chicago-Naperville-Elgin,284000238
KANHA,Natures Treatment - Milan ,973 Tech Dr,Milan,61264,Rock Island,Davenport-Moline-Rock Island,280000025
KANHA,River Bluff - Roselle,1350 Lake St.,Roselle,60172,DuPage,Chicago-Naperville-Elgin,284000205
KANHA,Terrace - Moline,2727 Avenue of the Cities,Moline,61265,Rock Island,Davenport-Moline-Rock Island,284000175
KANHA,Verilife - Arlington Heights,1816 S Arlington Heights Rd,Arlington Heights,60005,Cook,Chicago-Naperville-Elgin,280000007
KANHA,Verilife - Galena,115 Perry St.,Galena,61036,Jo Daviess,Northwest Illinois nonmetropolitan area,284000097
KANHA,Verilife - Rosemont,5540 Park Pl,Rosemont,60018,Cook,Chicago-Naperville-Elgin,284000096
KANHA,Verilife - Schaumburg,150 N Barrington Rd,Schaumburg,60194,Cook,Chicago-Naperville-Elgin,284000108
Revolution,Consume - St. Charles,584 S Randall Rd.,St Charles,60174,Kane,Chicago-Naperville-Elgin,284000295
Revolution,Green Releaf - Bourbonnais,1660 N State Route 50,Bourbonnais,60914,Kankakee,Kankakee,284000311
Revolution,High Haven - Elgin,15 Clock Tower Plz,Elgin,60120,Kane,Chicago-Naperville-Elgin,284000329
Revolution,Parkway - Tilton,2 Donna Dr.,Tilton,61833,Vermilion,Danville,284000173
Revolution,Revolution - Mt Prospect,2015 E Euclid Ave,Mt Prospect,60056,Cook,Chicago-Naperville-Elgin,280000015
Revolution,Rise - Joliet  Colorado Ave,2903 Colorado Ave.,Joliet,60431,Will,Chicago-Naperville-Elgin,284000044
Revolution,Rise - Naperville,1700 Quincy Ave Ste 103,Naperville,60540,DuPage,Chicago-Naperville-Elgin,280000027
Curaleaf,Altius - Round Lake Beach,993 E Rollins Rd,Round Lake Beach,60073,Lake,Chicago-Naperville-Elgin,284000163
Curaleaf,Bridge City - East Dubuque,122 Sinsinawa Ave,East Dubuque,61025,Jo Daviess,Northwest Illinois nonmetropolitan area,284000307
Curaleaf,Dispensary 33 - Fulton Market,1152 W. Randolph,Chicago,60607,Cook,Chicago-Naperville-Elgin,284000073
Curaleaf,Dutchess - Lynwood,20513 Torrence Ave,Lynwood,60411,Will,Chicago-Naperville-Elgin,284000158
Curaleaf,Dutchess Cannabis - Morton Grove,6761 Dempster St,Morton Grove,60053,Cook,Chicago-Naperville-Elgin,284000106
Curaleaf,Dutchess Cannabis - N. Riverside,8380 W Cermak Rd,North Riverside,60546,Cook,Chicago-Naperville-Elgin,284000334
Curaleaf,Dutchess Cannabis - Oak Park,1132 Lake St,Oak Park,60301,Cook,Chicago-Naperville-Elgin,28000041
Curaleaf,Glenwood Dispensary - Glenwood,18425 S Halsted St,Glenwood,60425,Cook,Chicago-Naperville-Elgin,284000149
Curaleaf,Vertical - Cary,20 Northwest Hwy,Cary,60013,McHenry,Chicago-Naperville-Elgin,284000300
Curaleaf,Windy City Cannabis - Homewood,1137 W. 175th St,Homewood,60430,Cook,Chicago-Naperville-Elgin,280000019
Curaleaf,Windy City Cannabis - Posen,2535 Veterans Dr,Posen,60469,Cook,Chicago-Naperville-Elgin,280000026
Curaleaf,Zen Leaf - Aurora,740 IL Rte 59,Aurora,60504,DuPage,Chicago-Naperville-Elgin,284000068
Curaleaf,Zen Leaf - Evanston,1804 Maple Ave,Evanston,60201,Cook,Chicago-Naperville-Elgin,280000009
Curaleaf,Zen Leaf - Greektown,222 S Halsted St,Chicago,60661,Cook,Chicago-Naperville-Elgin,284000107
Curaleaf,Zen Leaf - Highland Park,2030 Skokie Valley Rd,Highland Park,60035,Lake,Chicago-Naperville-Elgin,280000032
Curaleaf,Zen Leaf - Lombard,783 Butterfield Rd.,Lombard,60148,DuPage,Chicago-Naperville-Elgin,284000101
Curaleaf,Zen Leaf - Naperville,"1516 N. Naper Blvd, Spc 100",Naperville,60563,DuPage,Chicago-Naperville-Elgin,284000078
Curaleaf,Zen Leaf - Prospect Heights,1434 N Rand Rd.,Prospect Heights,60070,Cook,Chicago-Naperville-Elgin,284000081
Curaleaf,Zen Leaf - Rogers Park,7305 N Rogers Ave,Chicago,60626,Cook,Chicago-Naperville-Elgin,280000054
Curaleaf,Zen Leaf - St. Charles,3691 E. Main St.,Saint Charles,60174,Kane,Chicago-Naperville-Elgin,280000020
Revolution,Consume - Chicago,6428 N Milwaukee Ave,Chicago,60631,Cook,Chicago-Naperville-Elgin,280000047
Revolution,Consume - Oakbrook Terrace,1S130 Summit Ave.,Oakbrook Terrace,60181,DuPage,Chicago-Naperville-Elgin,284000070
Revolution,Market 96 - Chicago,529 S Wells St Ste 100,Chicago,60607,Cook,Chicago-Naperville-Elgin,284000237
Revolution,Market 96 - Owego,1144 Douglas Rd.,Oswego,60543,Kendall,Chicago-Naperville-Elgin,284000238
Revolution,NuEra - Aurora,1415 Corporate Blvd.,Aurora,60502,Cook,Chicago-Naperville-Elgin,284000072
Revolution,NuEra - Champaign,102 E. Green St.,Champaign,61820,Champaign,Champaign-Urbana,284000115
Revolution,Nuera - Chicago,1308 W North Ave,Chicago,60642,Cook,Chicago-Naperville-Elgin,280000055
Revolution,NuEra - Dekalb,818 W Lincoln Hwy Ste 7,DeKalb,60115,DeKalb,Chicago-Naperville-Elgin,284000201
Revolution,NuEra - East Dubuque,20170 US Highway 20 W,East Dubuque,61025,Jo Daviess,Northwest Illinois nonmetropolitan area,284000211
Revolution,NuEra - Urbana,105 E University Ave,Urbana,61801,Champaign,Champaign-Urbana,280000046
Revolution,Rise - Joliet  Rock Creek,1627 Rock Creek Blvd,Joliet,60431,Will,Chicago-Naperville-Elgin,280000011
Revolution,Rise - Quincy,2703 Broadway St,Quincy,62301,Adams,West Central Illinois Nonmetropolitan,284000047
Revolution,Terrabis - Dixon,1679 S Galena Ave.,Dixon,61021,Lee,Northwest Illinois nonmetropolitan area,284000351
Curaleaf,Sunnyside - Buffalo Grove,830 Milwaukee Ave,Buffalo Grove,60089,Lake,Chicago-Naperville-Elgin,280000016
Curaleaf,Sunnyside - Chi-River North,436 N. Clark St.,Chicago,60654,Cook,Chicago-Naperville-Elgin,284000053
Curaleaf,Sunnyside - Elmwood Park,7955 W Grand Ave,Elmwood Park,60707,Peoria,Peoria,280000034
Curaleaf,Sunnyside - Naperville,2740 W 75th St,Naperville,60564,DuPage,Chicago-Naperville-Elgin,284000080
Curaleaf,Sunnyside - Rockford,2696 McFarland Rd,Rockford,61107,Winnebago,Rockford,280000013
Curaleaf,Sunnyside - Schaumburg,1739 E. Golf Rd.,Schaumburg,60173,Cook,Chicago-Naperville-Elgin,284000061
Curaleaf,Sunnyside - South Beloit,7000 First Ranger Dr.,South Beloit,61080,Winnebago,Rockford,284000059
Curaleaf,Sunnyside - Wrigleyville,3524 N. Clark St.,Chicago,60657,Cook,Chicago-Naperville-Elgin,280000050
Curaleaf,Windy City Cannabis - Carpentersville,125 S Western Ave,Carpentersville,60110,Kane,Chicago-Naperville-Elgin,284000111
Curaleaf,Windy City Cannabis - Highwood,260 Green Bay Rd.,Highwood,60040,Lake,Chicago-Naperville-Elgin,284000100
Curaleaf,Zen Leaf - Rogers Park,7305 N Rogers Ave,Chicago,60626,Cook,Chicago-Naperville-Elgin,280000054
KANHA,Market 96 - Chicago,529 S Wells St Ste 100,Chicago,60607,Cook,Chicago-Naperville-Elgin,284000237
KANHA,Nirvana - Palatine,333 East Lake Cook Rd,Palatine,60074,Cook,Chicago-Naperville-Elgin,284000250
KANHA,The Dispensary - East Dubuque,1709 Il Route 35 N,East Dubuque,61025,Jo Daviess,Northwest Illinois nonmetropolitan area,284000113
KANHA,Windy City Cannabis - Carpentersville,125 S Western Ave,Carpentersville,60110,Kane,Chicago-Naperville-Elgin,284000111
KANHA,Windy City Cannabis - Litchfield,719 W Union Ave,Litchfield,62056,Montgomery,West Central Illinois Nonmetropolitan,280000052
KANHA,Hi Five - Crestwood,13352 Cicero Ave,Crestwood,60418,Cook,Chicago-Naperville-Elgin,284000290
KANHA,Maribis - Chicago,4570 S Archer Ave,Chicago,60632,Cook,Chicago-Naperville-Elgin,280000040
KANHA,Maribis - Devnver,2451 Denver Drive,Springfield,62702,Sangamon,Springfield,280000049
KANHA,Maribis - Lindbergh,3025 Lindbergh Blvd,Springfield,62704,Sangamon,Springfield,284000119
KANHA,Maribis - Westchester,1137 South Mannheim Road,Westchester,60154,Cook,Chicago-Naperville-Elgin,284000118
KANHA,Natures Treatment - Galesburg,735 W. Main St.,Galesburg,61401,Knox,West Central Illinois Nonmetropolitan,284000054
KANHA,Stash - Orland Hills,9545 167th St.,Orland Hills,60487,Cook,Chicago-Naperville-Elgin,284000281
KANHA,Stash - Peru,1320 38th St,Peru,61354,LaSalle,Northwest Illinois nonmetropolitan area,284000170
KANHA,Tru Essence - Arlington Heights,792 E Rand Rd.,Arlington Heights,60004,Cook,Chicago-Naperville-Elgin,284000204
KANHA,Verilife - Ottawa,4100 Columbus St,Ottawa,61350,LaSalle,Northwest Illinois nonmetropolitan area,280000008
KANHA,Verilife - Romeoville,412 N Weber Rd,Romeoville,60446,Will,Chicago-Naperville-Elgin,280000030
Six Labs,Terrabis - Grayville,105 Koehler St.,Grayville,62844,White,South Illinois Nonmetropolitan,284000227
Six Labs,Green Temple - Troy,904 Edwardsville Rd.,Troy,62294,Madison,"St. Louis, MO",284000168
Six Labs,Rise - Charleston,909 Lincoln Ave.,Charleston,61920,Coles,East Central IL Nonmetropolitan,284000130
Six Labs,Rise - Effingham,1011 Ford Ave Ste C,Effingham,62401,Effingham,East Central IL Nonmetropolitan,280000042
Six Labs,Terrace - Alton,1400 E Broadway,Alton,62002,Madison,"St. Louis, MO",284000258
Sol Canna,Terrabis - Grayville,105 Koehler St.,Grayville,62844,White,South Illinois Nonmetropolitan,284000227
Sol Canna,Windy City Cannabis - Litchfield,719 W Union Ave,Litchfield,62056,Montgomery,West Central Illinois Nonmetropolitan,280000052
Sol Canna,Terrace - Alton,1400 E Broadway,Alton,62002,Madison,"St. Louis, MO",284000258
Sol Canna,Terrace - Milan,800 Tech Dr,Milan,61264,Rock Island,Davenport-Moline-Rock Island,284000176
Sol Canna,Terrace - Moline,2727 Avenue of the Cities,Moline,61265,Rock Island,Davenport-Moline-Rock Island,284000175
Timeless Select,BLOC - Forest Park,7216 Circle Ave,Forest Park,60130,Cook,Chicago-Naperville-Elgin,284000299
Timeless Select,Curaleaf - Justice,8340 S Roberts Rd,Justice,60458,Cook,Chicago-Naperville-Elgin,280000021
Timeless Select,Curaleaf - Lincoln Park,923 W. Weed St.,Chicago,60642,Cook,Chicago-Naperville-Elgin,284000089
Timeless Select,Maribis - Devnver,2451 Denver Drive,Springfield,62702,Sangamon,Springfield,280000049
Timeless Select,Maribis - Lindbergh,3025 Lindbergh Blvd,Springfield,62704,Sangamon,Springfield,284000119
Echelon,Terrabis - Grayville,105 Koehler St.,Grayville,62844,White,South Illinois Nonmetropolitan,284000227
Curaleaf,Curaleaf - Deerfield,677 Lake Cook Rd,Deerfield,60015,Lake,Chicago-Naperville-Elgin,280000018
Curaleaf,Curaleaf - Justice,8340 S Roberts Rd,Justice,60458,Cook,Chicago-Naperville-Elgin,280000021
Curaleaf,Curaleaf - Lincoln Park,923 W. Weed St.,Chicago,60642,Cook,Chicago-Naperville-Elgin,284000089
Curaleaf,Curaleaf - Melrose Park,1413 West North Ave.,Melrose Park,60160,Cook,Chicago-Naperville-Elgin,284000091
Curaleaf,Curaleaf - Morris,2400 W US Route 6,Morris,60450,Grundy,Chicago-Naperville-Elgin,280000037
Curaleaf,Curaleaf - New Lenox,705 E Lincoln Hwy.,New Lenox,60451,Will,Chicago-Naperville-Elgin,280000017
Curaleaf,Curaleaf - Northbrook,755 Skokie Blvd.,Northbrook,60602,Cook,Chicago-Naperville-Elgin,284000090
Curaleaf,Curaleaf - Skokie,10000 Skokie Blvd,Skokie,60077,Cook,Chicago-Naperville-Elgin,284000093
Curaleaf,Curaleaf - Westmont,11 E. Ogden Ave.,Westmont,60559,DuPage,Chicago-Naperville-Elgin,284000117
Curaleaf,Curaleaf - Worth,11425 S Harlem Ave,Worth,60482,Cook,Chicago-Naperville-Elgin,280000023
Curaleaf,Spark'd - South Loop,2114 S Wabash Ave,Chicago,60616,Cook,Chicago-Naperville-Elgin,284000192
Curaleaf,Bisa Lina - Carol Stream,720 E North Ave,Carol Stream,60188,DuPage,Chicago-Naperville-Elgin,284000318
Curaleaf,Natures Treatment - Milan ,973 Tech Dr,Milan,61264,Rock Island,Davenport-Moline-Rock Island,280000025
Curaleaf,Rise - Charleston,909 Lincoln Ave.,Charleston,61920,Coles,East Central IL Nonmetropolitan,284000130
Curaleaf,Rise - Effingham,1011 Ford Ave Ste C,Effingham,62401,Effingham,East Central IL Nonmetropolitan,280000042
Curaleaf,Rise - Joliet  Colorado Ave,2903 Colorado Ave.,Joliet,60431,Will,Chicago-Naperville-Elgin,284000044
Curaleaf,Rise - Joliet  Rock Creek,1627 Rock Creek Blvd,Joliet,60431,Will,Chicago-Naperville-Elgin,280000011
Curaleaf,Rise - Naperville,1700 Quincy Ave Ste 103,Naperville,60540,DuPage,Chicago-Naperville-Elgin,280000027
Curaleaf,Rise - Niles,9621 N Milwaukee Ave.,Niles,60714,Cook,Chicago-Naperville-Elgin,284000055
Curaleaf,Spark'd - Richmond,9705 Prairie Ridge,Richmond,60071,McHenry,Chicago-Naperville-Elgin,284000273
Curaleaf,Spark'd - Wicker Park,1212 N Ashland Ave,Chicago,60622,Cook,Chicago-Naperville-Elgin,284000193
Curaleaf,Spark'd - Winthrop Harbor,935 Sheridan Rd,Winthrop Harbor,60096,Lake,Chicago-Naperville-Elgin,284000272
Curaleaf,Terrabis - Grayville,105 Koehler St.,Grayville,62844,White,South Illinois Nonmetropolitan,284000227
Curaleaf,Trinity Compassionate - Glen,2301 W. Glen Ave.,Peoria,61614,Peoria,Peoria,284000060
Curaleaf,Trinity Compassionate - University,3125 N University St Ste B,Peoria,61604,Peoria,Peoria,280000014
Curaleaf,Windy City Cannabis - Carpentersville,125 S Western Ave,Carpentersville,60110,Kane,Chicago-Naperville-Elgin,284000111
Curaleaf,Windy City Cannabis - Highwood,260 Green Bay Rd.,Highwood,60040,Lake,Chicago-Naperville-Elgin,284000100
Curaleaf,Altius - Orland Hills,9101 159th St,Orland Hills,60487,Cook,Chicago-Naperville-Elgin,284000275
Curaleaf,Aroma Hill - Belvidere,1874 Crystal Parkway,Belvidere,61008,Boone,Rockford,284000165
Curaleaf,Aroma Hill - Fox Lake,1298 US Highway 12,Fox Lake,60020,Lake,Chicago-Naperville-Elgin,284000154
Curaleaf,Aroma Hill - Hoffman Estates,1237 North Barrington Road,Hoffman Estates,60169,Cook,Chicago-Naperville-Elgin,284000287
Curaleaf,Be. - Blue Island,12720 Western Ave,Blue Island,60406,Cook,Chicago-Naperville-Elgin,284000245
Curaleaf,Bud and Ritas - Chicago,3425 W Belmont Ave,Chicago,60618,Cook,Chicago-Naperville-Elgin,284000276
Curaleaf,Bud and Ritas - Niles,5960 W Touhy Ave,Niles,60714,Cook,Chicago-Naperville-Elgin,284000280
Curaleaf,Bud and Ritas - Wadsworth,41509 N US Highway 41,Wadsworth,60083,Lake,Chicago-Naperville-Elgin,284000277
Curaleaf,Cannabist - Villa Park,133 Roosevelt Rd.,Villa Park,60181,DuPage,Chicago-Naperville-Elgin,284000065
Curaleaf,Maribis - Chicago,4570 S Archer Ave,Chicago,60632,Cook,Chicago-Naperville-Elgin,280000040
Curaleaf,Maribis - Westchester,1137 South Mannheim Road,Westchester,60154,Cook,Chicago-Naperville-Elgin,284000118
Curaleaf,Natures Care - Rolling Meadows,975 Rohlwing Rd,Rolling Meadows,60008,Cook,Chicago-Naperville-Elgin,280000024
Curaleaf,NCC Chi - West Loop,810 W. Randolph St.,Chicago,60607,Cook,Chicago-Naperville-Elgin,284000064
Curaleaf,OKAY Cannabis - Evanston,100 Chicago Ave,Evanston,60202,Cook,Chicago-Naperville-Elgin,284000143
Curaleaf,Smokehouse - Fox Lake,44 S US Highway 12,Fox Lake,60020,Lake,Chicago-Naperville-Elgin,284000347
Curaleaf,Starbuds - Burbank,7844 S Cicero Ave,Burbank,60459,Cook,Chicago-Naperville-Elgin,284000285
Curaleaf,Starbuds - Riverside,2704 Harlem Ave,Riverside,60546,Cook,Chicago-Naperville-Elgin,284000268
Curaleaf,Starbuds - Westmont,101 W Ogden Ave,Westmont,60559,DuPage,Chicago-Naperville-Elgin,284000164
Enliven,Be. - Blue Island,12720 Western Ave,Blue Island,60406,Cook,Chicago-Naperville-Elgin,284000245
KANHA,Be. - Blue Island,12720 Western Ave,Blue Island,60406,Cook,Chicago-Naperville-Elgin,284000245
KANHA,Bud and Ritas - Chicago,3425 W Belmont Ave,Chicago,60618,Cook,Chicago-Naperville-Elgin,284000276
KANHA,Grasshopper Club - South Loop,58 E Roosevelt Rd Fl 1,Chicago,60605,Cook,Chicago-Naperville-Elgin,284000188
KANHA,High Haven - Darien,8131 Cass Ave,Darien,60561,DuPage,Chicago-Naperville-Elgin,284000328
KANHA,High Haven - Elgin,15 Clock Tower Plz,Elgin,60120,Kane,Chicago-Naperville-Elgin,284000329
KANHA,High Haven - Normal,106 Mall Dr,Normal,61761,McLean,Bloomington,284000332
KANHA,Verilife - Chicago River North,60 W Superior St,Chicago,60654,Cook,Chicago-Naperville-Elgin,284000099
KANHA,Verilife - North Aurora,2080 West Orchard Rd,North Aurora,60542,Kane,Chicago-Naperville-Elgin,280000006
KANHA,Village - Bucktown,1850 W Webster Ave,Chicago,60614,Cook,Chicago-Naperville-Elgin,284000208
Revolution,Bud and Ritas - Chicago,3425 W Belmont Ave,Chicago,60618,Cook,Chicago-Naperville-Elgin,284000276
Revolution,Bud and Ritas - Wadsworth,41509 N US Highway 41,Wadsworth,60083,Lake,Chicago-Naperville-Elgin,284000277
Revolution,Dutchess Cannabis - Oak Park,1132 Lake St,Oak Park,60301,Cook,Chicago-Naperville-Elgin,28000041
Revolution,Grasshopper Club - Logan Square,2551 N. Milwaukee Ave.,Chicago,60647,Cook,Chicago-Naperville-Elgin,284000187
Revolution,Grasshopper Club - South Loop,58 E Roosevelt Rd Fl 1,Chicago,60605,Cook,Chicago-Naperville-Elgin,284000188
Revolution,Green Releaf - Villa Park,305 W North Ave,Villa Park,60181,DuPage,Chicago-Naperville-Elgin,284000148
Revolution,Revolution - Maryville,2533 Vandalia St,Collinsville,62234,Madison,"St. Louis, MO",284000167
Revolution,Revolution - Moline,4301 44th Ave,Moline,61265,Rock Island,Davenport-Moline-Rock Island,284000174
Revolution,Rise - Joliet  Rock Creek,1627 Rock Creek Blvd,Joliet,60431,Will,Chicago-Naperville-Elgin,280000011
Revolution,Bud and Ritas - Forsyth,1401 Hickory Point Dr.,Macon,62535,Macon,Decatur,284000218
Revolution,NuEra - Harvey,16950 Halsted St.,Harvey,60426,Cook,Chicago-Naperville-Elgin,284000202
Revolution,Revolution - Normal,1609 Northbrook Dr,Normal,61761,McLean,Bloomington,284000221
Revolution,Revolution - Schaumburg,820 E. Golf Rd.,Schaumburg,60173,Cook,Chicago-Naperville-Elgin,284000123
Six Labs,Mystic Greenz - Decatur,5405 Indus. Dr.,Decatur,62522,Macon,Decatur,284000312
Sol Canna,Be. - Blue Island,12720 Western Ave,Blue Island,60406,Cook,Chicago-Naperville-Elgin,284000245
Sol Canna,Bud and Ritas - Forsyth,1401 Hickory Point Dr.,Macon,62535,Macon,Decatur,284000218
Sol Canna,Consume - Carbondale,201 E. Main Street,Carbondale,62901,Jackson,Carbondale-Marion,284000058
Sol Canna,Consume - Marion,8195 Express Dr,Marion,62959,Marion,East Central IL Nonmetropolitan,280000001
Sol Canna,Hi Five - Crestwood,13352 Cicero Ave,Crestwood,60418,Cook,Chicago-Naperville-Elgin,284000290
Sol Canna,Revolution - Normal,1609 Northbrook Dr,Normal,61761,McLean,Bloomington,284000221
Sol Canna,Trinity Compassionate - University,3125 N University St Ste B,Peoria,61604,Peoria,Peoria,280000014
Curaleaf,Aroma Hill - Kankakee,2255 E Court St,Kankakee,60901,Kankakee,Kankakee,284000219
Curaleaf,Aroma Hill - Peoria,1210 W Glen Ave,Peoria,61614,Peoria,Peoria,284000265
Curaleaf,Hatch - Addison,1433 W Fullerton Ave Ste C,Addison,60101,DuPage,Chicago-Naperville-Elgin,280000038
Curaleaf,Namaste Wellness - Hodgkins,6119 East Ave A,Hodgkins,60525,Cook,Chicago-Naperville-Elgin,284000279
Curaleaf,NuEra - East Peoria,504 Riverside Dr,East Peoria,61611,Tazewell,Peoria,280000036
Curaleaf,Tru Essence - Arlington Heights,792 E Rand Rd.,Arlington Heights,60004,Cook,Chicago-Naperville-Elgin,284000204
Curaleaf,UMI - Chicago,2575 N Lincoln Ave.,Chicago,60614,Cook,Chicago-Naperville-Elgin,284000155
Curaleaf,Curaleaf - Deerfield,677 Lake Cook Rd,Deerfield,60015,Lake,Chicago-Naperville-Elgin,280000018
Curaleaf,Curaleaf - Justice,8340 S Roberts Rd,Justice,60458,Cook,Chicago-Naperville-Elgin,280000021
Curaleaf,Curaleaf - Lincoln Park,923 W. Weed St.,Chicago,60642,Cook,Chicago-Naperville-Elgin,284000089
Curaleaf,Curaleaf - Melrose Park,1413 West North Ave.,Melrose Park,60160,Cook,Chicago-Naperville-Elgin,284000091
Curaleaf,Curaleaf - Morris,2400 W US Route 6,Morris,60450,Grundy,Chicago-Naperville-Elgin,280000037
Curaleaf,Curaleaf - New Lenox,705 E Lincoln Hwy.,New Lenox,60451,Will,Chicago-Naperville-Elgin,280000017
Curaleaf,Curaleaf - Northbrook,755 Skokie Blvd.,Northbrook,60602,Cook,Chicago-Naperville-Elgin,284000090
Curaleaf,Curaleaf - Skokie,10000 Skokie Blvd,Skokie,60077,Cook,Chicago-Naperville-Elgin,284000093
Curaleaf,Curaleaf - Westmont,11 E. Ogden Ave.,Westmont,60559,DuPage,Chicago-Naperville-Elgin,284000117
Curaleaf,Curaleaf - Worth,11425 S Harlem Ave,Worth,60482,Cook,Chicago-Naperville-Elgin,280000023
Drecisco Farms,Rise - Lake in the Hills,270 N Randall Rd,Lake In The Hills,60156,McHenry,Chicago-Naperville-Elgin,284000110
KANHA,Dutchess - Lynwood,20513 Torrence Ave,Lynwood,60411,Will,Chicago-Naperville-Elgin,284000158
KANHA,EarthMed - Addison,852 S Westgate St,Addison,60101,DuPage,Chicago-Naperville-Elgin,280000005
KANHA,Spark'd - Winthrop Harbor,935 Sheridan Rd,Winthrop Harbor,60096,Lake,Chicago-Naperville-Elgin,284000272
KANHA,Dispensary 33 - Clark,5001 N Clark St,Chicago,60640,Cook,Chicago-Naperville-Elgin,280000012
KANHA,Dutchess Cannabis - Oak Park,1132 Lake St,Oak Park,60301,Cook,Chicago-Naperville-Elgin,28000041
KANHA,Earthmed - Rosemont,10441 E. Touhy Ave.,Rosemont,60018,Cook,Chicago-Naperville-Elgin,284000082
KANHA,The Dispensary - Fulton,1801 16th Ave,Fulton,61252,Fulton,West Central Illinois Nonmetropolitan,280000039
Revolution,Dutchess - Lynwood,20513 Torrence Ave,Lynwood,60411,Will,Chicago-Naperville-Elgin,284000158
Revolution,Dispensary 33 - Clark,5001 N Clark St,Chicago,60640,Cook,Chicago-Naperville-Elgin,280000012
Revolution,Dutchess Cannabis - Morton Grove,6761 Dempster St,Morton Grove,60053,Cook,Chicago-Naperville-Elgin,284000106
Revolution,Revolution - Maryville,2533 Vandalia St,Collinsville,62234,Madison,"St. Louis, MO",284000167
Revolution,Revolution - Moline,4301 44th Ave,Moline,61265,Rock Island,Davenport-Moline-Rock Island,284000174
Revolution,The Dispensary - East Dubuque,1709 Il Route 35 N,East Dubuque,61025,Jo Daviess,Northwest Illinois nonmetropolitan area,284000113
Revolution,Windy City Cannabis - Litchfield,719 W Union Ave,Litchfield,62056,Montgomery,West Central Illinois Nonmetropolitan,280000052
Revolution,Zen Leaf - St. Charles,3691 E. Main St.,Saint Charles,60174,Kane,Chicago-Naperville-Elgin,280000020
Six Labs,Spark'd - Winthrop Harbor,935 Sheridan Rd,Winthrop Harbor,60096,Lake,Chicago-Naperville-Elgin,284000272
Sol Canna,Bud and Ritas - Wadsworth,41509 N US Highway 41,Wadsworth,60083,Lake,Chicago-Naperville-Elgin,284000277
Sol Canna,Herb Social - Lawrenceville,616 12th St.,Lawrenceville,62439,Lawrence,East Central IL Nonmetropolitan,284000172
Sol Canna,Revolution - Moline,4301 44th Ave,Moline,61265,Rock Island,Davenport-Moline-Rock Island,284000174
Sol Canna,Thrive - Metropolis,1551 E. 5th St.,Metropolis,62960,Massac,South Illinois Nonmetropolitan,284000122
Drecisco Farms,Cloud9 - Champaign,505 W Town Center Blvd.,Champaign,61822,Champaign,Champaign-Urbana,284000259
Drecisco Farms,Natures Treatment - Galesburg,735 W. Main St.,Galesburg,61401,Knox,West Central Illinois Nonmetropolitan,284000054
Drecisco Farms,Rise - Joliet  Colorado Ave,2903 Colorado Ave.,Joliet,60431,Will,Chicago-Naperville-Elgin,284000044
Drecisco Farms,Zen Leaf - Greektown,222 S Halsted St,Chicago,60661,Cook,Chicago-Naperville-Elgin,284000107
Drecisco Farms,Zen Leaf - Lombard,783 Butterfield Rd.,Lombard,60148,DuPage,Chicago-Naperville-Elgin,284000101
Drecisco Farms,Zen Leaf - Highland Park,2030 Skokie Valley Rd,Highland Park,60035,Lake,Chicago-Naperville-Elgin,280000032
KANHA,Earthmed - McHenry,1711 N Richmond Rd.,McHenry,60051,McHenry,Chicago-Naperville-Elgin,284000144
KANHA,Ivy Hall - Damen,1720 N Damen Ave.,Chicago,60647,Cook,Chicago-Naperville-Elgin,284000232
KANHA,Ivy Hall - Logan Square,3115 W Armitage Ave,Chicago,60647,Cook,Chicago-Naperville-Elgin,284000184
KANHA,Ivy Hall - Bolingbrook,361 S Bolingbrook Dr,Bolingbrook,60440,Will,Chicago-Naperville-Elgin,284000183
KANHA,Ivy Hall - Crystal Lake,501 Pingree Rd.,Crystal Lake,60014,McHenry,Chicago-Naperville-Elgin,284000313
KANHA,Ivy Hall - Glendale Heights,2130 Bloomingdale Rd Unit B,Glendale Heights,60139,DuPage,Chicago-Naperville-Elgin,284000182
KANHA,Ivy Hall - Montgomery,1970 Caterpillar Dr,Montgomery,60538,Kane,Chicago-Naperville-Elgin,284000181
KANHA,Ivy Hall - Peoria,3929 W. War Memorial Dr,Peoria,61615,Peoria,Peoria,284000230
KANHA,Ivy Hall - Streamwood,630 S Sutton Rd,Streamwood,60107,Cook,Chicago-Naperville-Elgin,284000141
KANHA,Ivy Hall - Waukegan,996 S Waukegan Rd.,Waukegan,60085,Lake,Chicago-Naperville-Elgin,284000180
KANHA,Parkway - Tilton,2 Donna Dr.,Tilton,61833,Vermilion,Danville,284000173
Revolution,Revolution - Normal,1609 Northbrook Dr,Normal,61761,McLean,Bloomington,284000221
Revolution,Revolution - Schaumburg,820 E. Golf Rd.,Schaumburg,60173,Cook,Chicago-Naperville-Elgin,284000123
Revolution,Sunnyside - Chi-River North,436 N. Clark St.,Chicago,60654,Cook,Chicago-Naperville-Elgin,284000053
Revolution,Sunnyside - Naperville,2740 W 75th St,Naperville,60564,DuPage,Chicago-Naperville-Elgin,284000080
Revolution,Sunnyside - Rockford,2696 McFarland Rd,Rockford,61107,Winnebago,Rockford,280000013
Revolution,Sunnyside - Schaumburg,1739 E. Golf Rd.,Schaumburg,60173,Cook,Chicago-Naperville-Elgin,284000061
Revolution,Sunnyside - South Beloit,7000 First Ranger Dr.,South Beloit,61080,Winnebago,Rockford,284000059
Revolution,Sunnyside - Wrigleyville,3524 N. Clark St.,Chicago,60657,Cook,Chicago-Naperville-Elgin,280000050
Sol Canna,Ash Ivy - Benton,9 N Rend Lake Plz,Benton,62812,Franklin,South Illinois Nonmetropolitan,284000349
Sol Canna,Terrabis - Grayville,105 Koehler St.,Grayville,62844,White,South Illinois Nonmetropolitan,284000227
Timeless Select,Curaleaf - Lincoln Park,923 W. Weed St.,Chicago,60642,Cook,Chicago-Naperville-Elgin,284000089
Curaleaf,Be. - Oak Forest,5940 159th St,Oak Forest,60452,Cook,Chicago-Naperville-Elgin,284000246
Curaleaf,Green Temple - Troy,904 Edwardsville Rd.,Troy,62294,Madison,"St. Louis, MO",284000168
Curaleaf,Natures Treatment - Milan ,973 Tech Dr,Milan,61264,Rock Island,Davenport-Moline-Rock Island,280000025
Curaleaf,Noxx - East Peoria,300 S Main St,East Peoria,61611,Tazewell,Peoria,284000209
Curaleaf,NuEra - Pekin,3249 Court St.,Pekin,61554,Tazewell,Peoria,284000116
Curaleaf,NuEra - Urbana,105 E University Ave,Urbana,61801,Champaign,Champaign-Urbana,280000046
Curaleaf,River Bluff - Roselle,1350 Lake St.,Roselle,60172,DuPage,Chicago-Naperville-Elgin,284000205
Curaleaf,Seven Point - Danville,380 Eastgate Dr.,Danville,61834,Vermilion,Danville,284000316
Curaleaf,Starbuds - Burbank,7844 S Cicero Ave,Burbank,60459,Cook,Chicago-Naperville-Elgin,284000285
Curaleaf,Starbuds - Hoffman Estates,5 E Golf Rd,Hoffman Estates,60169,Cook,Chicago-Naperville-Elgin,284000271
Curaleaf,Starbuds - Riverside,2704 Harlem Ave,Riverside,60546,Cook,Chicago-Naperville-Elgin,284000268
Curaleaf,Starbuds - Westmont,101 W Ogden Ave,Westmont,60559,DuPage,Chicago-Naperville-Elgin,284000164
Curaleaf,The Dispensary - East Dubuque,1709 Il Route 35 N,East Dubuque,61025,Jo Daviess,Northwest Illinois nonmetropolitan area,284000113
Revolution,Revolution - Mt Prospect,2015 E Euclid Ave,Mt Prospect,60056,Cook,Chicago-Naperville-Elgin,280000015
Revolution,Sunnyside - Buffalo Grove,830 Milwaukee Ave,Buffalo Grove,60089,Lake,Chicago-Naperville-Elgin,280000016
Revolution,Sunnyside - Champaign,1704 S Neil St Ste C,Champaign,61820,Champaign,Champaign-Urbana,280000035
Revolution,Sunnyside - Danville,369 Lynch Dr.,Danville,61834,Vermilion,Danville,284000056
Revolution,Sunnyside - Elmwood Park,7955 W Grand Ave,Elmwood Park,60707,Peoria,Peoria,280000034
Revolution,Windy City Cannabis - Carpentersville,125 S Western Ave,Carpentersville,60110,Kane,Chicago-Naperville-Elgin,284000111
Revolution,Windy City Cannabis - Homewood,1137 W. 175th St,Homewood,60430,Cook,Chicago-Naperville-Elgin,280000019
Revolution,Windy City Cannabis - Posen,2535 Veterans Dr,Posen,60469,Cook,Chicago-Naperville-Elgin,280000026
Curaleaf,Greenlight - Park City,3331 Belvidere Rd Suites B C,Park City,60085,Lake,Chicago-Naperville-Elgin,284000288
Curaleaf,Ivy Hall - Glendale Heights,2130 Bloomingdale Rd Unit B,Glendale Heights,60139,DuPage,Chicago-Naperville-Elgin,284000182
Curaleaf,Sway - Chicago,3340 N Halsted St.,Chicago,60657,Cook,Chicago-Naperville-Elgin,284000200
Curaleaf,Windy City Cannabis - Carpentersville,125 S Western Ave,Carpentersville,60110,Kane,Chicago-Naperville-Elgin,284000111
Curaleaf,Windy City Cannabis - Highwood,260 Green Bay Rd.,Highwood,60040,Lake,Chicago-Naperville-Elgin,284000100
Curaleaf,Windy City Cannabis - Homewood,1137 W. 175th St,Homewood,60430,Cook,Chicago-Naperville-Elgin,280000019
Curaleaf,Windy City Cannabis - Litchfield,719 W Union Ave,Litchfield,62056,Montgomery,West Central Illinois Nonmetropolitan,280000052
Curaleaf,Windy City Cannabis - Macomb,518 W Jackson St,Macomb,61455,McDonough,West Central Illinois Nonmetropolitan,284000112
Curaleaf,Windy City Cannabis - Posen,2535 Veterans Dr,Posen,60469,Cook,Chicago-Naperville-Elgin,280000026
Curaleaf,Zen Leaf - Aurora,740 IL Rte 59,Aurora,60504,DuPage,Chicago-Naperville-Elgin,284000068
Curaleaf,Zen Leaf - Greektown,222 S Halsted St,Chicago,60661,Cook,Chicago-Naperville-Elgin,284000107
Curaleaf,Zen Leaf - Lombard,783 Butterfield Rd.,Lombard,60148,DuPage,Chicago-Naperville-Elgin,284000101
Curaleaf,Zen Leaf - Naperville,"1516 N. Naper Blvd, Spc 100",Naperville,60563,DuPage,Chicago-Naperville-Elgin,284000078
Curaleaf,Zen Leaf - Rogers Park,7305 N Rogers Ave,Chicago,60626,Cook,Chicago-Naperville-Elgin,280000054
KANHA,BLOC - Avondale,3545 N Kedzie Ave,Chicago,60618,Cook,Chicago-Naperville-Elgin,284000278
KANHA,Ivy Hall - Edwardsville,6197 Old Alton Edwardsville Rd,Edwardsville,62025,Madison,"St. Louis, MO",284000302
KANHA,Phili - Bourbonnais,1300 Locke Dr.,Bourbonnais,60914,Kankakee,Kankakee,284000229
KANHA,Seven Point - Danville,380 Eastgate Dr.,Danville,61834,Vermilion,Danville,284000316
Six Labs,Nirvana - Mt. Carmel,825 Chestnut St,Mount Carmel,62863,Wabash,South Illinois Nonmetropolitan,284000255
Six Labs,Seven Point - Danville,380 Eastgate Dr.,Danville,61834,Vermilion,Danville,284000316
Curaleaf,Altius - Round Lake Beach,993 E Rollins Rd,Round Lake Beach,60073,Lake,Chicago-Naperville-Elgin,284000163
Curaleaf,Green Releaf - Villa Park,305 W North Ave,Villa Park,60181,DuPage,Chicago-Naperville-Elgin,284000148
Curaleaf,Key Cannabis - Carbondale,1010 E Main St,Carbondale,62901,Jackson,Carbondale-Marion,284000215
Curaleaf,Mint - Willowbrook,900 75th St,Willowbrook,60527,Cook,Chicago-Naperville-Elgin,284000156
Curaleaf,Natures Treatment - Galesburg,735 W. Main St.,Galesburg,61401,Knox,West Central Illinois Nonmetropolitan,284000054
Curaleaf,Rise - Joliet  Rock Creek,1627 Rock Creek Blvd,Joliet,60431,Will,Chicago-Naperville-Elgin,280000011
Curaleaf,Sunnyside - Schaumburg,1739 E. Golf Rd.,Schaumburg,60173,Cook,Chicago-Naperville-Elgin,284000061
Curaleaf,Zen Leaf - Highland Park,2030 Skokie Valley Rd,Highland Park,60035,Lake,Chicago-Naperville-Elgin,280000032
Revolution,Perception - Chicago,7000 N Clark St,Chicago,60626,Cook,Chicago-Naperville-Elgin,284000297
Curaleaf,Curaleaf - Deerfield,677 Lake Cook Rd,Deerfield,60015,Lake,Chicago-Naperville-Elgin,280000018
Curaleaf,Curaleaf - Morris,2400 W US Route 6,Morris,60450,Grundy,Chicago-Naperville-Elgin,280000037
Curaleaf,Curaleaf - New Lenox,705 E Lincoln Hwy.,New Lenox,60451,Will,Chicago-Naperville-Elgin,280000017
Curaleaf,Curaleaf - Northbrook,755 Skokie Blvd.,Northbrook,60602,Cook,Chicago-Naperville-Elgin,284000090
Curaleaf,Curaleaf - Skokie,10000 Skokie Blvd,Skokie,60077,Cook,Chicago-Naperville-Elgin,284000093
Curaleaf,Sunnyside - Naperville,2740 W 75th St,Naperville,60564,DuPage,Chicago-Naperville-Elgin,284000080
Curaleaf,High Profile - Metropolis,1801 E 5th St,Metropolis,62960,Massac,South Illinois Nonmetropolitan,284000314
Curaleaf,Key Cannabis - Carbondale,1010 E Main St,Carbondale,62901,Jackson,Carbondale-Marion,284000215
Curaleaf,NuEra - East Dubuque,20170 US Highway 20 W,East Dubuque,61025,Jo Daviess,Northwest Illinois nonmetropolitan area,284000211
Curaleaf,Village - Godfrey,110 Homer M Adams Pkwy,Alton,62002,Madison,"St. Louis, MO",284000234
Curaleaf,Aroma Hill - Belvidere,1874 Crystal Parkway,Belvidere,61008,Boone,Rockford,284000165
Curaleaf,Aroma Hill - Fox Lake,1298 US Highway 12,Fox Lake,60020,Lake,Chicago-Naperville-Elgin,284000154
Curaleaf,Aroma Hill - Hoffman Estates,1237 North Barrington Road,Hoffman Estates,60169,Cook,Chicago-Naperville-Elgin,284000287
Curaleaf,Bud and Ritas - Chicago,3425 W Belmont Ave,Chicago,60618,Cook,Chicago-Naperville-Elgin,284000276
Curaleaf,Ivy Hall - Crystal Lake,501 Pingree Rd.,Crystal Lake,60014,McHenry,Chicago-Naperville-Elgin,284000313
Curaleaf,Ivy Hall - Glendale Heights,2130 Bloomingdale Rd Unit B,Glendale Heights,60139,DuPage,Chicago-Naperville-Elgin,284000182
Curaleaf,Ivy Hall - Streamwood,630 S Sutton Rd,Streamwood,60107,Cook,Chicago-Naperville-Elgin,284000141
Curaleaf,Ivy Hall - Waukegan,996 S Waukegan Rd.,Waukegan,60085,Lake,Chicago-Naperville-Elgin,284000180
Curaleaf,Key Cannabis - Carbondale,1010 E Main St,Carbondale,62901,Jackson,Carbondale-Marion,284000215
Curaleaf,Starbuds - Burbank,7844 S Cicero Ave,Burbank,60459,Cook,Chicago-Naperville-Elgin,284000285
Curaleaf,Starbuds - Hoffman Estates,5 E Golf Rd,Hoffman Estates,60169,Cook,Chicago-Naperville-Elgin,284000271
Curaleaf,Starbuds - Riverside,2704 Harlem Ave,Riverside,60546,Cook,Chicago-Naperville-Elgin,284000268
Curaleaf,Starbuds - Westmont,101 W Ogden Ave,Westmont,60559,DuPage,Chicago-Naperville-Elgin,284000164
Curaleaf,The Dispensary - East Dubuque,1709 Il Route 35 N,East Dubuque,61025,Jo Daviess,Northwest Illinois nonmetropolitan area,284000113
Curaleaf,The Dispensary - Fulton,1801 16th Ave,Fulton,61252,Fulton,West Central Illinois Nonmetropolitan,280000039
Curaleaf,Zen Leaf - Evanston,1804 Maple Ave,Evanston,60201,Cook,Chicago-Naperville-Elgin,280000009
KANHA,Cloudhaven - South Beloit,1322 Gardner St.,South Beloit,61080,Winnebago,Rockford,284000166
KANHA,Hatch - Addison,1433 W Fullerton Ave Ste C,Addison,60101,DuPage,Chicago-Naperville-Elgin,280000038
KANHA,Altius - Round Lake Beach,993 E Rollins Rd,Round Lake Beach,60073,Lake,Chicago-Naperville-Elgin,284000163
KANHA,Nirvana - Lake Zurich,676 S Rand Rd,Zake Zurich,60047,Lake,Chicago-Naperville-Elgin,284000251
Revolution,Revolution - Maryville,2533 Vandalia St,Collinsville,62234,Madison,"St. Louis, MO",284000167
Revolution,Revolution - Moline,4301 44th Ave,Moline,61265,Rock Island,Davenport-Moline-Rock Island,284000174
Revolution,Spark'd - Winthrop Harbor,935 Sheridan Rd,Winthrop Harbor,60096,Lake,Chicago-Naperville-Elgin,284000272
Revolution,Consume - Carbondale,201 E. Main Street,Carbondale,62901,Jackson,Carbondale-Marion,284000058
Revolution,Consume - Marion,8195 Express Dr,Marion,62959,Marion,East Central IL Nonmetropolitan,280000001
Revolution,Revolution - Normal,1609 Northbrook Dr,Normal,61761,McLean,Bloomington,284000221
Revolution,Revolution - Schaumburg,820 E. Golf Rd.,Schaumburg,60173,Cook,Chicago-Naperville-Elgin,284000123
Timeless Select,Zen Leaf - Evanston,1804 Maple Ave,Evanston,60201,Cook,Chicago-Naperville-Elgin,280000009
Vertical Management,Tree Haus - Morris,50 Gore Rd,Morris,60450,Grundy,Chicago-Naperville-Elgin,284000160
Curaleaf,Aroma Hill - Peoria,1210 W Glen Ave,Peoria,61614,Peoria,Peoria,284000265
Curaleaf,Bloom Wellness - Normal,1730 Bradford Ln Ste 185,Normal,61761,McLean,Bloomington,284000325
Curaleaf,Dispensary 33 - Clark,5001 N Clark St,Chicago,60640,Cook,Chicago-Naperville-Elgin,280000012
Curaleaf,Herb Social - Lawrenceville,616 12th St.,Lawrenceville,62439,Lawrence,East Central IL Nonmetropolitan,284000172
Curaleaf,High Haven - Normal,106 Mall Dr,Normal,61761,McLean,Bloomington,284000332
Curaleaf,High Profile - Martinsville,3001 N York St.,Martinsville,62442,Clark,East Central IL Nonmetropolitan,284000305
Curaleaf,High Profile - Metropolis,1801 E 5th St,Metropolis,62960,Massac,South Illinois Nonmetropolitan,284000314
Curaleaf,High Profile - Springfield,4211 Conestoga Dr,Springfield,62711,Sangamon,Springfield,284000178
Curaleaf,Ivy Hall - Damen,1720 N Damen Ave.,Chicago,60647,Cook,Chicago-Naperville-Elgin,284000232
Curaleaf,Ivy Hall - Logan Square,3115 W Armitage Ave,Chicago,60647,Cook,Chicago-Naperville-Elgin,284000184
Curaleaf,Kush21 - Jacksonville,1112 Veterans Dr,Jacksonville,62650,Morgan,West Central Illinois Nonmetropolitan,284000213
Curaleaf,Mission - Norridge,4113 N Harlem Ave,Norridge,60706,Cook,Chicago-Naperville-Elgin,284000147
Curaleaf,Natures Treatment - Milan ,973 Tech Dr,Milan,61264,Rock Island,Davenport-Moline-Rock Island,280000025
Curaleaf,NuEra - Harvey,16950 Halsted St.,Harvey,60426,Cook,Chicago-Naperville-Elgin,284000202
Curaleaf,Rise - Charleston,909 Lincoln Ave.,Charleston,61920,Coles,East Central IL Nonmetropolitan,284000130
Curaleaf,SHARE - Springfield,3600 S 6th Street Rd,Springfield,62703,Sangamon,Springfield,284000179
Curaleaf,Sunnyside - Chi-River North,436 N. Clark St.,Chicago,60654,Cook,Chicago-Naperville-Elgin,284000053
Curaleaf,Windy City Cannabis - Carpentersville,125 S Western Ave,Carpentersville,60110,Kane,Chicago-Naperville-Elgin,284000111
Curaleaf,Windy City Cannabis - Highwood,260 Green Bay Rd.,Highwood,60040,Lake,Chicago-Naperville-Elgin,284000100
Curaleaf,Zen Leaf - St. Charles,3691 E. Main St.,Saint Charles,60174,Kane,Chicago-Naperville-Elgin,280000020
KANHA,Cookies - Bloomington,1006 Jc Pkwy,Bloomington,61705,McLean,Bloomington,284000321
KANHA,Cookies - Peoria Heights,1209 E War Memorial Dr,Peoria Heights,61616,Peoria,Peoria,284000319
KANHA,Dutchess - Markham,3063 W 159th St.,Markham,60428,Cook,Chicago-Naperville-Elgin,284000159
KANHA,Kush21 - Jacksonville,1112 Veterans Dr,Jacksonville,62650,Morgan,West Central Illinois Nonmetropolitan,284000213
Revolution,AuraLight - Aurora,1350 N Orchard Rd,Aurora,60506,Kane,Chicago-Naperville-Elgin,284000190
Revolution,Consume - Antioch,471 Main St,Antioch,60002,Lake,Chicago-Naperville-Elgin,284000294
Revolution,Consume - Chicago,6428 N Milwaukee Ave,Chicago,60631,Cook,Chicago-Naperville-Elgin,280000047
Revolution,Consume - Oakbrook Terrace,1S130 Summit Ave.,Oakbrook Terrace,60181,DuPage,Chicago-Naperville-Elgin,284000070
Revolution,Consume - St. Charles,584 S Randall Rd.,St Charles,60174,Kane,Chicago-Naperville-Elgin,284000295
Revolution,Mission - Calumet City,1330 Torrence Ave.,Calumet City,60409,Cook,Chicago-Naperville-Elgin,284000075
Revolution,Mission - Chicago,8554 S Commercial Ave,Chicago,60617,Cook,Chicago-Naperville-Elgin,280000053
Revolution,Revolution - Mt Prospect,2015 E Euclid Ave,Mt Prospect,60056,Cook,Chicago-Naperville-Elgin,280000015
Timeless Select,Zen Leaf - Highland Park,2030 Skokie Valley Rd,Highland Park,60035,Lake,Chicago-Naperville-Elgin,280000032
Timeless Select,Zen Leaf - Naperville,"1516 N. Naper Blvd, Spc 100",Naperville,60563,DuPage,Chicago-Naperville-Elgin,284000078
Timeless Select,Zen Leaf - Pilsen,1301 S Western Ave,Chicago,60608,Cook,Chicago-Naperville-Elgin,280000051
Timeless Select,Zen Leaf - St. Charles,3691 E. Main St.,Saint Charles,60174,Kane,Chicago-Naperville-Elgin,280000020
Curaleaf,Altius - Carol Stream,506 S Schmale Rd,Carol Stream,60188,DuPage,Chicago-Naperville-Elgin,284000274
Curaleaf,Aroma Hill - Kankakee,2255 E Court St,Kankakee,60901,Kankakee,Kankakee,284000219
Curaleaf,AuraLight - Aurora,1350 N Orchard Rd,Aurora,60506,Kane,Chicago-Naperville-Elgin,284000190
Curaleaf,Bridge City - East Dubuque,122 Sinsinawa Ave,East Dubuque,61025,Jo Daviess,Northwest Illinois nonmetropolitan area,284000307
Curaleaf,Bud and Ritas - Chicago,3425 W Belmont Ave,Chicago,60618,Cook,Chicago-Naperville-Elgin,284000276
Curaleaf,Bud and Ritas - Niles,5960 W Touhy Ave,Niles,60714,Cook,Chicago-Naperville-Elgin,284000280
Curaleaf,Bud and Ritas - Wadsworth,41509 N US Highway 41,Wadsworth,60083,Lake,Chicago-Naperville-Elgin,284000277
Curaleaf,Cookies - Bloomington,1006 Jc Pkwy,Bloomington,61705,McLean,Bloomington,284000321
Curaleaf,Hatch - Wheeling,1500 E Lake Cook Rd,Wheeling,60090,Lake,Chicago-Naperville-Elgin,284000105
Curaleaf,High Haven - Elgin,15 Clock Tower Plz,Elgin,60120,Kane,Chicago-Naperville-Elgin,284000329
Curaleaf,NuEra - Aurora,1415 Corporate Blvd.,Aurora,60502,Cook,Chicago-Naperville-Elgin,284000072
Curaleaf,OKAY Cannabis - Evanston,100 Chicago Ave,Evanston,60202,Cook,Chicago-Naperville-Elgin,284000143
Curaleaf,Rise - Canton,3104 N Main St,Canton,61520,Fulton,West Central Illinois Nonmetropolitan,280000003
Curaleaf,Rise - Quincy,2703 Broadway St,Quincy,62301,Adams,West Central Illinois Nonmetropolitan,284000047
Curaleaf,Seven Point - Danville,380 Eastgate Dr.,Danville,61834,Vermilion,Danville,284000316
Curaleaf,Spark'd - Winthrop Harbor,935 Sheridan Rd,Winthrop Harbor,60096,Lake,Chicago-Naperville-Elgin,284000272
Curaleaf,Stash - Peru,1320 38th St,Peru,61354,LaSalle,Northwest Illinois nonmetropolitan area,284000170
Curaleaf,Sunnyside - Champaign,1704 S Neil St Ste C,Champaign,61820,Champaign,Champaign-Urbana,280000035
Curaleaf,Sunnyside - Danville,369 Lynch Dr.,Danville,61834,Vermilion,Danville,284000056
Curaleaf,Windy City Cannabis - Homewood,1137 W. 175th St,Homewood,60430,Cook,Chicago-Naperville-Elgin,280000019
Curaleaf,Windy City Cannabis - Litchfield,719 W Union Ave,Litchfield,62056,Montgomery,West Central Illinois Nonmetropolitan,280000052
Curaleaf,Windy City Cannabis - Macomb,518 W Jackson St,Macomb,61455,McDonough,West Central Illinois Nonmetropolitan,284000112
Curaleaf,Windy City Cannabis - Posen,2535 Veterans Dr,Posen,60469,Cook,Chicago-Naperville-Elgin,280000026
Drecisco Farms,Beyond Hello - Bloomington,118 Keaton Place,Bloomington,61704,McLean,Bloomington,284000085
Drecisco Farms,Beyond Hello - Mississippi Ave,1401 Mississippi Ave. Ste. 17,Sauget,62201,St. Clair,"St. Louis, MO",284000079
Drecisco Farms,Beyond/Hello - Goose Lake,2021 Goose Lake Rd,Sauget,62206,St. Clair,"St. Louis, MO",280000043
Drecisco Farms,Beyond/Hello - Normal,501 W Northtown Rd,Normal,61761,McLean,Bloomington,280000045
KANHA,Ascend - Adams St,628 E Adams St,Springfield,62701,Sangamon,Springfield,280000029
KANHA,Ascend - Fairview Heights,114 Commerce Ln,Fairview Heights,62208,St. Clair,"St. Louis, MO",284000104
KANHA,Ascend - Horizon Dr.,3201 Horizon Dr.,Springfield,62703,Sangamon,Springfield,284000069
KANHA,Dutchess Cannabis - Morton Grove,6761 Dempster St,Morton Grove,60053,Cook,Chicago-Naperville-Elgin,284000106
KANHA,Green Temple - Troy,904 Edwardsville Rd.,Troy,62294,Madison,"St. Louis, MO",284000168
KANHA,Greenlight - Park City,3331 Belvidere Rd Suites B C,Park City,60085,Lake,Chicago-Naperville-Elgin,284000288
KANHA,Namaste Wellness - Hodgkins,6119 East Ave A,Hodgkins,60525,Cook,Chicago-Naperville-Elgin,284000279
Revolution,Dutchess - Lynwood,20513 Torrence Ave,Lynwood,60411,Will,Chicago-Naperville-Elgin,284000158
Revolution,Dutchess Cannabis - Oak Park,1132 Lake St,Oak Park,60301,Cook,Chicago-Naperville-Elgin,28000041
Revolution,Mission - Norridge,4113 N Harlem Ave,Norridge,60706,Cook,Chicago-Naperville-Elgin,284000147
Revolution,Namaste Wellness - Hodgkins,6119 East Ave A,Hodgkins,60525,Cook,Chicago-Naperville-Elgin,284000279
Curaleaf,Ascend - Chicago Ridge,9820 Ridgeland Ave,Chicago Ridge,60415,Cook,Chicago-Naperville-Elgin,284000125
Curaleaf,Ascend - Collinsville,1014 Eastport Plaza Dr,Collinsville,62234,Madison,"St. Louis, MO",280000022
Curaleaf,Ascend - Fairview Heights,114 Commerce Ln,Fairview Heights,62208,St. Clair,"St. Louis, MO",284000104
Curaleaf,Ascend - Horizon Dr.,3201 Horizon Dr.,Springfield,62703,Sangamon,Springfield,284000069
Curaleaf,Ascend - Springfield,628 E Adams St,Springfield,62701,Sangamon,Springfield,280000029
Curaleaf,Ascend by Homecoming - Tinley Pk,16200 Harlem Ave.,Tinley Park,60477,Cook,Chicago-Naperville-Elgin,284000235
Curaleaf,Ascend Cannabis Outlet by InLabs - Northlake,39 W North Ave.,Northlake,60164,Cook,Chicago-Naperville-Elgin,284000197
Curaleaf,Ascend Moca - Logan Square,2367 N Milwaukee Ave.,Chicago,60647,Cook,Chicago-Naperville-Elgin,280000028
Curaleaf,Ascend Moca - River North,216 W. Ohio St.,Chicago,60654,Cook,Chicago-Naperville-Elgin,284000052
Curaleaf,Bud and Ritas - Forsyth,1401 Hickory Point Dr.,Macon,62535,Macon,Decatur,284000218
Curaleaf,Cloudhaven - South Beloit,1322 Gardner St.,South Beloit,61080,Winnebago,Rockford,284000166
Curaleaf,Dutchess - Lynwood,20513 Torrence Ave,Lynwood,60411,Will,Chicago-Naperville-Elgin,284000158
Curaleaf,Dutchess Cannabis - Morton Grove,6761 Dempster St,Morton Grove,60053,Cook,Chicago-Naperville-Elgin,284000106
Curaleaf,Dutchess Cannabis - N. Riverside,8380 W Cermak Rd,North Riverside,60546,Cook,Chicago-Naperville-Elgin,284000334
Curaleaf,High Haven - Darien,8131 Cass Ave,Darien,60561,DuPage,Chicago-Naperville-Elgin,284000328
Curaleaf,Midway by Ascend - Chicago,5648 S Archer Ave,Chicago,60638,Cook,Chicago-Naperville-Elgin,280000033
Curaleaf,Nuera - Chicago,1308 W North Ave,Chicago,60642,Cook,Chicago-Naperville-Elgin,280000035
Curaleaf,Sunnyside - Buffalo Grove,830 Milwaukee Ave,Buffalo Grove,60089,Lake,Chicago-Naperville-Elgin,280000016
Curaleaf,Sunnyside - Rockford,2696 McFarland Rd,Rockford,61107,Winnebago,Rockford,280000013
Curaleaf,Sunnyside - Schaumburg,1739 E. Golf Rd.,Schaumburg,60173,Cook,Chicago-Naperville-Elgin,284000061
Curaleaf,Sunnyside - South Beloit,7000 First Ranger Dr.,South Beloit,61080,Winnebago,Rockford,284000059
Curaleaf,Sunnyside - Wrigleyville,3524 N. Clark St.,Chicago,60657,Cook,Chicago-Naperville-Elgin,280000050
Curaleaf,The Dispensary - Champaign,1826 Glenn Park Dr,Champaign,61821,Champaign,Champaign-Urbana,284000216
Curaleaf,Trinity Compassionate - Glen,2301 W. Glen Ave.,Peoria,61614,Peoria,Peoria,284000060
Curaleaf,Trinity Compassionate - University,3125 N University St Ste B,Peoria,61604,Peoria,Peoria,280000014
KANHA,Altius - Carol Stream,506 S Schmale Rd,Carol Stream,60188,DuPage,Chicago-Naperville-Elgin,284000274
KANHA,Market 96 - Chicago,529 S Wells St Ste 100,Chicago,60607,Cook,Chicago-Naperville-Elgin,284000237
KANHA,Market 96 - Owego,1144 Douglas Rd.,Oswego,60543,Kendall,Chicago-Naperville-Elgin,284000238
KANHA,Natures Treatment - Milan ,973 Tech Dr,Milan,61264,Rock Island,Davenport-Moline-Rock Island,280000025
KANHA,Nirvana - Chicago,2301 W Lawrence Ave,Chicago,60625,Cook,Chicago-Naperville-Elgin,284000252
KANHA,Planet 13 - Waukegan,4000 Northpoint Blvd,Waukegan,60085,Lake,Chicago-Naperville-Elgin,284000162
KANHA,Nirvana - Mt. Carmel,825 Chestnut St,Mount Carmel,62863,Wabash,South Illinois Nonmetropolitan,284000255
KANHA,Thrive - Metropolis,1551 E. 5th St.,Metropolis,62960,Massac,South Illinois Nonmetropolitan,284000122
Revolution,Aroma Hill - Peoria,1210 W Glen Ave,Peoria,61614,Peoria,Peoria,284000265
Revolution,High Haven - Darien,8131 Cass Ave,Darien,60561,DuPage,Chicago-Naperville-Elgin,284000328
Revolution,Nirvana - Palatine,333 East Lake Cook Rd,Palatine,60074,Cook,Chicago-Naperville-Elgin,284000250
Timeless Select,Curaleaf - Justice,8340 S Roberts Rd,Justice,60458,Cook,Chicago-Naperville-Elgin,280000021
Timeless Select,Curaleaf - New Lenox,705 E Lincoln Hwy.,New Lenox,60451,Will,Chicago-Naperville-Elgin,280000017
Timeless Select,Curaleaf - Westmont,11 E. Ogden Ave.,Westmont,60559,DuPage,Chicago-Naperville-Elgin,284000117
Curaleaf,Beyond/Hello - Goose Lake,2021 Goose Lake Rd,Sauget,62206,St. Clair,"St. Louis, MO",280000043
Curaleaf,Beyond/Hello - Normal,501 W Northtown Rd,Normal,61761,McLean,Bloomington,280000045
Curaleaf,Cannabist - Villa Park,133 Roosevelt Rd.,Villa Park,60181,DuPage,Chicago-Naperville-Elgin,284000065
Curaleaf,Dutchess Cannabis - Oak Park,1132 Lake St,Oak Park,60301,Cook,Chicago-Naperville-Elgin,28000041
Curaleaf,Hatch - Addison,1433 W Fullerton Ave Ste C,Addison,60101,DuPage,Chicago-Naperville-Elgin,280000038
Curaleaf,Mystic Greenz - Belleville,360 S Green Mount Rd,Belleville,62221,St. Clair,"St. Louis, MO",284000330
Curaleaf,Mystic Greenz - Decatur,5405 Indus. Dr.,Decatur,62522,Macon,Decatur,284000312
Curaleaf,Mystic Greenz - Lincoln,1120 Woodlawn Rd,Lincoln,62656,Logan,West Central Illinois Nonmetropolitan,284000212
Curaleaf,Noxx - East Peoria,300 S Main St,East Peoria,61611,Tazewell,Peoria,284000209
Curaleaf,NuEra - Dekalb,818 W Lincoln Hwy Ste 7,DeKalb,60115,DeKalb,Chicago-Naperville-Elgin,284000201
Curaleaf,NuEra - East Dubuque,20170 US Highway 20 W,East Dubuque,61025,Jo Daviess,Northwest Illinois nonmetropolitan area,284000211
Drecisco Farms,Consume - Carbondale,201 E. Main Street,Carbondale,62901,Jackson,Carbondale-Marion,284000058
Drecisco Farms,Consume - Marion,8195 Express Dr,Marion,62959,Marion,East Central IL Nonmetropolitan,280000001
Drecisco Farms,Rise - Canton,3104 N Main St,Canton,61520,Fulton,West Central Illinois Nonmetropolitan,280000003
Drecisco Farms,Rise - Charleston,909 Lincoln Ave.,Charleston,61920,Coles,East Central IL Nonmetropolitan,284000130
Drecisco Farms,Rise - Effingham,1011 Ford Ave Ste C,Effingham,62401,Effingham,East Central IL Nonmetropolitan,280000042
Drecisco Farms,Rise - Lake in the Hills,270 N Randall Rd,Lake In The Hills,60156,McHenry,Chicago-Naperville-Elgin,284000110
Drecisco Farms,Aroma Hill - Kankakee,2255 E Court St,Kankakee,60901,Kankakee,Kankakee,284000219
Drecisco Farms,Be. - Oak Forest,5940 159th St,Oak Forest,60452,Cook,Chicago-Naperville-Elgin,284000246
Drecisco Farms,Consume - Chicago,6428 N Milwaukee Ave,Chicago,60631,Cook,Chicago-Naperville-Elgin,280000047
Drecisco Farms,Rise - Joliet  Colorado Ave,2903 Colorado Ave.,Joliet,60431,Will,Chicago-Naperville-Elgin,284000044
Drecisco Farms,Sway - Chicago,3340 N Halsted St.,Chicago,60657,Cook,Chicago-Naperville-Elgin,284000200
Drecisco Farms,Windy City Cannabis - Homewood,1137 W. 175th St,Homewood,60430,Cook,Chicago-Naperville-Elgin,280000019
Goddess Growers,Bridge City - East Dubuque,122 Sinsinawa Ave,East Dubuque,61025,Jo Daviess,Northwest Illinois nonmetropolitan area,284000307
KANHA,Bridge City - East Dubuque,122 Sinsinawa Ave,East Dubuque,61025,Jo Daviess,Northwest Illinois nonmetropolitan area,284000307
KANHA,Verilife - Ottawa,4100 Columbus St,Ottawa,61350,LaSalle,Northwest Illinois nonmetropolitan area,280000008
KANHA,Verilife - Rosemont,5540 Park Pl,Rosemont,60018,Cook,Chicago-Naperville-Elgin,284000096
KANHA,Verilife - Schaumburg,150 N Barrington Rd,Schaumburg,60194,Cook,Chicago-Naperville-Elgin,284000108
KANHA,Emerald - Island Lake,660 E State Rd.,Island Lake,60042,Lake,Chicago-Naperville-Elgin,284000256
KANHA,Planet 13 - Waukegan,4000 Northpoint Blvd,Waukegan,60085,Lake,Chicago-Naperville-Elgin,284000162
KANHA,SHARE - Springfield,3600 S 6th Street Rd,Springfield,62703,Sangamon,Springfield,284000179
KANHA,Sunnyside - Chi-River North,436 N. Clark St.,Chicago,60654,Cook,Chicago-Naperville-Elgin,284000053
KANHA,Sunnyside - Danville,369 Lynch Dr.,Danville,61834,Vermilion,Danville,284000056
KANHA,Sunnyside - Naperville,2740 W 75th St,Naperville,60564,DuPage,Chicago-Naperville-Elgin,284000080
KANHA,Sunnyside - Schaumburg,1739 E. Golf Rd.,Schaumburg,60173,Cook,Chicago-Naperville-Elgin,284000061
KANHA,Verilife - Arlington Heights,1816 S Arlington Heights Rd,Arlington Heights,60005,Cook,Chicago-Naperville-Elgin,280000007
KANHA,Verilife - Chicago River North,60 W Superior St,Chicago,60654,Cook,Chicago-Naperville-Elgin,284000099
Revolution,NuEra - East Peoria,504 Riverside Dr,East Peoria,61611,Tazewell,Peoria,280000036
Revolution,NuEra - Pekin,3249 Court St.,Pekin,61554,Tazewell,Peoria,284000116
Revolution,Revolution - Maryville,2533 Vandalia St,Collinsville,62234,Madison,"St. Louis, MO",284000167
Revolution,Revolution - Moline,4301 44th Ave,Moline,61265,Rock Island,Davenport-Moline-Rock Island,284000174
Revolution,Terrace - Alton,1400 E Broadway,Alton,62002,Madison,"St. Louis, MO",284000258
Revolution,The Dispensary - Fulton,1801 16th Ave,Fulton,61252,Fulton,West Central Illinois Nonmetropolitan,280000039
Revolution,Zen Leaf - St. Charles,3691 E. Main St.,Saint Charles,60174,Kane,Chicago-Naperville-Elgin,280000020
Six Labs,Consume - Carbondale,201 E. Main Street,Carbondale,62901,Jackson,Carbondale-Marion,284000058
Six Labs,Consume - Marion,8195 Express Dr,Marion,62959,Marion,East Central IL Nonmetropolitan,280000001
Curaleaf,Cannabist - Chicago,4758 N Milwaukee Ave,Chicago,60630,Cook,Chicago-Naperville-Elgin,280000044
Curaleaf,Curaleaf - Deerfield,677 Lake Cook Rd,Deerfield,60015,Lake,Chicago-Naperville-Elgin,280000018
Curaleaf,Curaleaf - Justice,8340 S Roberts Rd,Justice,60458,Cook,Chicago-Naperville-Elgin,280000021
Curaleaf,Curaleaf - Lincoln Park,923 W. Weed St.,Chicago,60642,Cook,Chicago-Naperville-Elgin,284000089
Curaleaf,Curaleaf - Northbrook,755 Skokie Blvd.,Northbrook,60602,Cook,Chicago-Naperville-Elgin,284000090
Curaleaf,Curaleaf - Skokie,10000 Skokie Blvd,Skokie,60077,Cook,Chicago-Naperville-Elgin,284000093
Curaleaf,Guaranteed - Chicago,620 N Fairbanks Ct,Chicago,60611,Cook,Chicago-Naperville-Elgin,284000191
Curaleaf,Stash - Orland Hills,9545 167th St.,Orland Hills,60487,Cook,Chicago-Naperville-Elgin,284000281
Curaleaf,Stash - Peru,1320 38th St,Peru,61354,LaSalle,Northwest Illinois nonmetropolitan area,284000170
Drecisco Farms,Aroma Hill - Belvidere,1874 Crystal Parkway,Belvidere,61008,Boone,Rockford,284000165
Drecisco Farms,Aroma Hill - Hoffman Estates,1237 North Barrington Road,Hoffman Estates,60169,Cook,Chicago-Naperville-Elgin,284000287
Drecisco Farms,Be. - Blue Island,12720 Western Ave,Blue Island,60406,Cook,Chicago-Naperville-Elgin,284000245
Drecisco Farms,Bud and Ritas - Niles,5960 W Touhy Ave,Niles,60714,Cook,Chicago-Naperville-Elgin,284000280
Drecisco Farms,Consume - Antioch,471 Main St,Antioch,60002,Lake,Chicago-Naperville-Elgin,284000294
Drecisco Farms,Consume - St. Charles,584 S Randall Rd.,St Charles,60174,Kane,Chicago-Naperville-Elgin,284000295
Drecisco Farms,Green Temple - Troy,904 Edwardsville Rd.,Troy,62294,Madison,"St. Louis, MO",284000168
Drecisco Farms,Parkway - Fox Lake,107 Towne Centre Ln 31,Fox lake,60020,Lake,Chicago-Naperville-Elgin,284000269
Drecisco Farms,Rise - Niles,9621 N Milwaukee Ave.,Niles,60714,Cook,Chicago-Naperville-Elgin,284000055
Drecisco Farms,Snap Canna - Pontiac,1910 W Reynolds St Unit A,Pontiac,61764,Livingston,West Central Illinois Nonmetropolitan,284000225
Drecisco Farms,Windy City Cannabis - Highwood,260 Green Bay Rd.,Highwood,60040,Lake,Chicago-Naperville-Elgin,284000100
KANHA,Cloud9 - Champaign,505 W Town Center Blvd.,Champaign,61822,Champaign,Champaign-Urbana,284000259
KANHA,Cloud9 - East Peoria,406 W Camp St.,East Peoria,61611,Tazewell,Peoria,284000303
KANHA,Parkway - Fox Lake,107 Towne Centre Ln 31,Fox lake,60020,Lake,Chicago-Naperville-Elgin,284000269
KANHA,Snap Canna - Pontiac,1910 W Reynolds St Unit A,Pontiac,61764,Livingston,West Central Illinois Nonmetropolitan,284000225
KANHA,Sunnyside - South Beloit,7000 First Ranger Dr.,South Beloit,61080,Winnebago,Rockford,284000059
KANHA,Verilife - Galena,115 Perry St.,Galena,61036,Jo Daviess,Northwest Illinois nonmetropolitan area,284000097
KANHA,Verilife - North Aurora,2080 West Orchard Rd,North Aurora,60542,Kane,Chicago-Naperville-Elgin,280000006
KANHA,Verilife - Romeoville,412 N Weber Rd,Romeoville,60446,Will,Chicago-Naperville-Elgin,280000030
KANHA,Windy City Cannabis - Carpentersville,125 S Western Ave,Carpentersville,60110,Kane,Chicago-Naperville-Elgin,284000111
Revolution,Aroma Hill - Belvidere,1874 Crystal Parkway,Belvidere,61008,Boone,Rockford,284000165
Revolution,Aroma Hill - Fox Lake,1298 US Highway 12,Fox Lake,60020,Lake,Chicago-Naperville-Elgin,284000154
Revolution,Aroma Hill - Hoffman Estates,1237 North Barrington Road,Hoffman Estates,60169,Cook,Chicago-Naperville-Elgin,284000287
Revolution,Aroma Hill - Kankakee,2255 E Court St,Kankakee,60901,Kankakee,Kankakee,284000219
Revolution,Green Releaf - Bourbonnais,1660 N State Route 50,Bourbonnais,60914,Kankakee,Kankakee,284000311
Revolution,NuEra - Urbana,105 E University Ave,Urbana,61801,Champaign,Champaign-Urbana,280000046
Revolution,Phili - Bourbonnais,1300 Locke Dr.,Bourbonnais,60914,Kankakee,Kankakee,284000229
Revolution,Revolution - Normal,1609 Northbrook Dr,Normal,61761,McLean,Bloomington,284000221
Revolution,Revolution - Schaumburg,820 E. Golf Rd.,Schaumburg,60173,Cook,Chicago-Naperville-Elgin,284000123
Revolution,Rise - Lake in the Hills,270 N Randall Rd,Lake In The Hills,60156,McHenry,Chicago-Naperville-Elgin,284000110
Revolution,Rise - Mundelein,1325 Armour Blvd,Mundelein,60060,Lake,Chicago-Naperville-Elgin,280000002
Revolution,Zen Leaf - Greektown,222 S Halsted St,Chicago,60661,Cook,Chicago-Naperville-Elgin,284000107
Revolution,Zen Leaf - Naperville,"1516 N. Naper Blvd, Spc 100",Naperville,60563,DuPage,Chicago-Naperville-Elgin,284000078
Revolution,Zen Leaf - Pilsen,1301 S Western Ave,Chicago,60608,Cook,Chicago-Naperville-Elgin,280000051
Revolution,Zen Leaf - Rogers Park,7305 N Rogers Ave,Chicago,60626,Cook,Chicago-Naperville-Elgin,280000054
Timeless Select,Curaleaf - Deerfield,677 Lake Cook Rd,Deerfield,60015,Lake,Chicago-Naperville-Elgin,280000018
Timeless Select,Curaleaf - Northbrook,755 Skokie Blvd.,Northbrook,60602,Cook,Chicago-Naperville-Elgin,284000090
Timeless Select,Curaleaf - Skokie,10000 Skokie Blvd,Skokie,60077,Cook,Chicago-Naperville-Elgin,284000093
Curaleaf,Altius - Orland Hills,9101 159th St,Orland Hills,60487,Cook,Chicago-Naperville-Elgin,284000275
Curaleaf,Curaleaf - Morris,2400 W US Route 6,Morris,60450,Grundy,Chicago-Naperville-Elgin,280000037
Curaleaf,Curaleaf - New Lenox,705 E Lincoln Hwy.,New Lenox,60451,Will,Chicago-Naperville-Elgin,280000017
Curaleaf,Ivy Hall - Bolingbrook,361 S Bolingbrook Dr,Bolingbrook,60440,Will,Chicago-Naperville-Elgin,284000183
Curaleaf,Ivy Hall - Crystal Lake,501 Pingree Rd.,Crystal Lake,60014,McHenry,Chicago-Naperville-Elgin,284000313
Curaleaf,Ivy Hall - Montgomery,1970 Caterpillar Dr,Montgomery,60538,Kane,Chicago-Naperville-Elgin,284000181
Curaleaf,Ivy Hall - Waukegan,996 S Waukegan Rd.,Waukegan,60085,Lake,Chicago-Naperville-Elgin,284000180
Curaleaf,Namaste Wellness - Hodgkins,6119 East Ave A,Hodgkins,60525,Cook,Chicago-Naperville-Elgin,284000279
Curaleaf,Natures Treatment - Milan ,973 Tech Dr,Milan,61264,Rock Island,Davenport-Moline-Rock Island,280000025
Curaleaf,Seven Point - Danville,380 Eastgate Dr.,Danville,61834,Vermilion,Danville,284000316
Curaleaf,Terrace - Milan,800 Tech Dr,Milan,61264,Rock Island,Davenport-Moline-Rock Island,284000176
Curaleaf,Terrace - Moline,2727 Avenue of the Cities,Moline,61265,Rock Island,Davenport-Moline-Rock Island,284000175
Curaleaf,Zen Leaf - Pilsen,1301 S Western Ave,Chicago,60608,Cook,Chicago-Naperville-Elgin,280000051
Drecisco Farms,Goodies - Streamwood,1594 Buttitta Dr,Streamwood,60107,Cook,Chicago-Naperville-Elgin,284000270
KANHA,Cloud9 - Edwardsville,2341 Plum St,Edwardsville,62025,Madison,"St. Louis, MO",284000304
KANHA,High Haven - Darien,8131 Cass Ave,Darien,60561,DuPage,Chicago-Naperville-Elgin,284000328
KANHA,Karma Club - Chicago,1590 N Clybourn Ave,Chicago,60642,Cook,Chicago-Naperville-Elgin,284000263
KANHA,Natures Treatment - Galesburg,735 W. Main St.,Galesburg,61401,Knox,West Central Illinois Nonmetropolitan,284000054
KANHA,Revolution - Maryville,2533 Vandalia St,Collinsville,62234,Madison,"St. Louis, MO",284000167
KANHA,Revolution - Mt Prospect,2015 E Euclid Ave,Mt Prospect,60056,Cook,Chicago-Naperville-Elgin,280000015
KANHA,Revolution - Normal,1609 Northbrook Dr,Normal,61761,McLean,Bloomington,284000221
KANHA,Revolution - Schaumburg,820 E. Golf Rd.,Schaumburg,60173,Cook,Chicago-Naperville-Elgin,284000123
Revolution,Altius - Round Lake Beach,993 E Rollins Rd,Round Lake Beach,60073,Lake,Chicago-Naperville-Elgin,284000163
Revolution,Dispensary 33 - Clark,5001 N Clark St,Chicago,60640,Cook,Chicago-Naperville-Elgin,280000012
Revolution,Dispensary 33 - Fulton Market,1152 W. Randolph,Chicago,60607,Cook,Chicago-Naperville-Elgin,284000073
Revolution,Nirvana - Palatine,333 East Lake Cook Rd,Palatine,60074,Cook,Chicago-Naperville-Elgin,284000250
Revolution,Revolution - Mt Prospect,2015 E Euclid Ave,Mt Prospect,60056,Cook,Chicago-Naperville-Elgin,280000015
Revolution,Spark'd - Richmond,9705 Prairie Ridge,Richmond,60071,McHenry,Chicago-Naperville-Elgin,284000273
Six Labs,High Profile - Martinsville,3001 N York St.,Martinsville,62442,Clark,East Central IL Nonmetropolitan,284000305
Six Labs,Nirvana - Mt. Carmel,825 Chestnut St,Mount Carmel,62863,Wabash,South Illinois Nonmetropolitan,284000255
Sol Canna,Consume - Antioch,471 Main St,Antioch,60002,Lake,Chicago-Naperville-Elgin,284000294
Curaleaf,Altius - Round Lake Beach,993 E Rollins Rd,Round Lake Beach,60073,Lake,Chicago-Naperville-Elgin,284000163
Curaleaf,Bisa Lina - Carol Stream,720 E North Ave,Carol Stream,60188,DuPage,Chicago-Naperville-Elgin,284000318
Curaleaf,Bloom Wellness - Hometown,4140 Southwest Hwy,Hometown,60456,Cook,Chicago-Naperville-Elgin,284000335
Curaleaf,Bloom Wellness - Quincy (1837),1837 Broadway St,Quincy,62301,Adams,West Central Illinois Nonmetropolitan,284000138
Curaleaf,Bloom Wellness - Quincy (4440),4440 Broadway St Ste 1,Quincy,62305,Adams,West Central Illinois Nonmetropolitan,284000004
Curaleaf,Ivy Hall - Damen,1720 N Damen Ave.,Chicago,60647,Cook,Chicago-Naperville-Elgin,284000232
Curaleaf,Ivy Hall - Glendale Heights,2130 Bloomingdale Rd Unit B,Glendale Heights,60139,DuPage,Chicago-Naperville-Elgin,284000182
Curaleaf,Ivy Hall - Logan Square,3115 W Armitage Ave,Chicago,60647,Cook,Chicago-Naperville-Elgin,284000184
Curaleaf,Ivy Hall - Streamwood,630 S Sutton Rd,Streamwood,60107,Cook,Chicago-Naperville-Elgin,284000141
Curaleaf,Vertical - Cary,20 Northwest Hwy,Cary,60013,McHenry,Chicago-Naperville-Elgin,284000300
Curaleaf,Windy City Cannabis - Carpentersville,125 S Western Ave,Carpentersville,60110,Kane,Chicago-Naperville-Elgin,284000111
Curaleaf,Windy City Cannabis - Highwood,260 Green Bay Rd.,Highwood,60040,Lake,Chicago-Naperville-Elgin,284000100
Curaleaf,Windy City Cannabis - Homewood,1137 W. 175th St,Homewood,60430,Cook,Chicago-Naperville-Elgin,280000019
Curaleaf,Windy City Cannabis - Posen,2535 Veterans Dr,Posen,60469,Cook,Chicago-Naperville-Elgin,280000026
Curaleaf,Zen Leaf - Greektown,222 S Halsted St,Chicago,60661,Cook,Chicago-Naperville-Elgin,284000107
Curaleaf,Zen Leaf - Lombard,783 Butterfield Rd.,Lombard,60148,DuPage,Chicago-Naperville-Elgin,284000101
Curaleaf,Zen Leaf - Rogers Park,7305 N Rogers Ave,Chicago,60626,Cook,Chicago-Naperville-Elgin,280000054
Drecisco Farms,Consume - Carbondale,201 E. Main Street,Carbondale,62901,Jackson,Carbondale-Marion,284000058
Drecisco Farms,Consume - Marion,8195 Express Dr,Marion,62959,Marion,East Central IL Nonmetropolitan,280000001
Drecisco Farms,Rise - Quincy,2703 Broadway St,Quincy,62301,Adams,West Central Illinois Nonmetropolitan,284000047
Drecisco Farms,Terrabis - Dixon,1679 S Galena Ave.,Dixon,61021,Lee,Northwest Illinois nonmetropolitan area,284000351
Drecisco Farms,Terrabis - Plainfield,16020 S Route 59,Plainfield,60586,Will,Chicago-Naperville-Elgin,284000286
Drecisco Farms,Terrabis - Woodstock,601 S Eastwood Dr,Woodstock,60098,McHenry,Chicago-Naperville-Elgin,284000315
Echelon,High Profile - Metropolis,1801 E 5th St,Metropolis,62960,Massac,South Illinois Nonmetropolitan,284000314
KANHA,Beyond Hello - Bloomington,118 Keaton Place,Bloomington,61704,McLean,Bloomington,284000085
KANHA,Bud and Ritas - Wadsworth,41509 N US Highway 41,Wadsworth,60083,Lake,Chicago-Naperville-Elgin,284000277
KANHA,Dispensary 33 - Clark,5001 N Clark St,Chicago,60640,Cook,Chicago-Naperville-Elgin,280000012
KANHA,Herb Social - Lawrenceville,616 12th St.,Lawrenceville,62439,Lawrence,East Central IL Nonmetropolitan,284000172
KANHA,Revolution - Moline,4301 44th Ave,Moline,61265,Rock Island,Davenport-Moline-Rock Island,284000174
KANHA,Spark'd - Richmond,9705 Prairie Ridge,Richmond,60071,McHenry,Chicago-Naperville-Elgin,284000273
KANHA,Spark'd - Winthrop Harbor,935 Sheridan Rd,Winthrop Harbor,60096,Lake,Chicago-Naperville-Elgin,284000272
KANHA,Terrace - Alton,1400 E Broadway,Alton,62002,Madison,"St. Louis, MO",284000258
KANHA,Trinity Compassionate - Glen,2301 W. Glen Ave.,Peoria,61614,Peoria,Peoria,284000060
KANHA,Trinity Compassionate - University,3125 N University St Ste B,Peoria,61604,Peoria,Peoria,280000014
Revolution,Be. - Blue Island,12720 Western Ave,Blue Island,60406,Cook,Chicago-Naperville-Elgin,284000245
Revolution,Be. - Oak Forest,5940 159th St,Oak Forest,60452,Cook,Chicago-Naperville-Elgin,284000246
Revolution,Rise - Naperville,1700 Quincy Ave Ste 103,Naperville,60540,DuPage,Chicago-Naperville-Elgin,280000027
Six Labs,Cloud9 - Edwardsville,2341 Plum St,Edwardsville,62025,Madison,"St. Louis, MO",284000304
Six Labs,Beyond Hello - Bloomington,118 Keaton Place,Bloomington,61704,McLean,Bloomington,284000085
Six Labs,Bloom Wellness - Quincy (1837),1837 Broadway St,Quincy,62301,Adams,West Central Illinois Nonmetropolitan,284000138
Six Labs,Bloom Wellness - Quincy (4440),4440 Broadway St Ste 1,Quincy,62305,Adams,West Central Illinois Nonmetropolitan,284000004
Six Labs,Cloud9 - Champaign,505 W Town Center Blvd.,Champaign,61822,Champaign,Champaign-Urbana,284000259
Six Labs,Consume - Carbondale,201 E. Main Street,Carbondale,62901,Jackson,Carbondale-Marion,284000058
Six Labs,Consume - Marion,8195 Express Dr,Marion,62959,Marion,East Central IL Nonmetropolitan,280000001
Six Labs,High Profile - Metropolis,1801 E 5th St,Metropolis,62960,Massac,South Illinois Nonmetropolitan,284000314
Six Labs,Trinity Compassionate - Glen,2301 W. Glen Ave.,Peoria,61614,Peoria,Peoria,284000060
Sol Canna,Consume - Carbondale,201 E. Main Street,Carbondale,62901,Jackson,Carbondale-Marion,284000058
Sol Canna,Consume - Marion,8195 Express Dr,Marion,62959,Marion,East Central IL Nonmetropolitan,280000001
Sol Canna,Revolution - Maryville,2533 Vandalia St,Collinsville,62234,Madison,"St. Louis, MO",284000167
Sol Canna,Revolution - Moline,4301 44th Ave,Moline,61265,Rock Island,Davenport-Moline-Rock Island,284000174
Sol Canna,Revolution - Mt Prospect,2015 E Euclid Ave,Mt Prospect,60056,Cook,Chicago-Naperville-Elgin,280000015
Sol Canna,Revolution - Schaumburg,820 E. Golf Rd.,Schaumburg,60173,Cook,Chicago-Naperville-Elgin,284000123
Curaleaf,Ash Ivy - Benton,9 N Rend Lake Plz,Benton,62812,Franklin,South Illinois Nonmetropolitan,284000349
Curaleaf,Snap Canna - Pontiac,1910 W Reynolds St Unit A,Pontiac,61764,Livingston,West Central Illinois Nonmetropolitan,284000225
Revolution,Goodies - Streamwood,1594 Buttitta Dr,Streamwood,60107,Cook,Chicago-Naperville-Elgin,284000270
Revolution,Green Releaf - Villa Park,305 W North Ave,Villa Park,60181,DuPage,Chicago-Naperville-Elgin,284000148
Revolution,High Haven - Normal,106 Mall Dr,Normal,61761,McLean,Bloomington,284000332
Curaleaf,Curaleaf - New Lenox,705 E Lincoln Hwy.,New Lenox,60451,Will,Chicago-Naperville-Elgin,280000017
Curaleaf,Starbuds - Summit,5436 S Harlem Ave,Summit,60501,Cook,Chicago-Naperville-Elgin,284000358
Curaleaf,Zen Leaf - St. Charles,3691 E. Main St.,Saint Charles,60174,Kane,Chicago-Naperville-Elgin,280000020
Curaleaf,Be. - Oak Forest,5940 159th St,Oak Forest,60452,Cook,Chicago-Naperville-Elgin,284000246
Curaleaf,Blyss - Mt. Vernon,610B S 42nd St,Mount Vernon,62864,Jefferson,South Illinois Nonmetropolitan,284000226
Curaleaf,Dispensary 33 - Fulton Market,1152 W. Randolph,Chicago,60607,Cook,Chicago-Naperville-Elgin,284000073
Curaleaf,High Profile - Martinsville,3001 N York St.,Martinsville,62442,Clark,East Central IL Nonmetropolitan,284000305
Curaleaf,High Profile - Metropolis,1801 E 5th St,Metropolis,62960,Massac,South Illinois Nonmetropolitan,284000314
Curaleaf,High Profile - Springfield,4211 Conestoga Dr,Springfield,62711,Sangamon,Springfield,284000178
Curaleaf,Nuera - Chicago,1308 W North Ave,Chicago,60642,Cook,Chicago-Naperville-Elgin,280000035
Curaleaf,Rise - Charleston,909 Lincoln Ave.,Charleston,61920,Coles,East Central IL Nonmetropolitan,284000130
Curaleaf,Spark'd - Wicker Park,1212 N Ashland Ave,Chicago,60622,Cook,Chicago-Naperville-Elgin,284000193
Curaleaf,The Dispensary - Fulton,1801 16th Ave,Fulton,61252,Fulton,West Central Illinois Nonmetropolitan,280000039
Curaleaf,Thrive - Anna,87 Richview Drive,Anna,62906,Union,South Illinois Nonmetropolitan,280000036
Curaleaf,Thrive - Casey,912 N Route 49,Casey,62420,Clark,East Central IL Nonmetropolitan,284000171
Curaleaf,Thrive - Harrisburg,105 N Veterans Drive,Harrisburg,62946,Saline,South Illinois Nonmetropolitan,280000031
Curaleaf,Thrive - Metropolis,1551 E. 5th St.,Metropolis,62960,Massac,South Illinois Nonmetropolitan,284000122
Curaleaf,Thrive - Mt. Vernon,800 S 45th St,Mount Vernon,62864,Jefferson,South Illinois Nonmetropolitan,284000066
Drecisco Farms,Terrabis - Grayville,105 Koehler St.,Grayville,62844,White,South Illinois Nonmetropolitan,284000227
KANHA,Cloud9 - Oswego,2420 US Highway 30,Oswego,60543,Kendall,Chicago-Naperville-Elgin,284000292
KANHA,Natures Treatment - Galesburg,735 W. Main St.,Galesburg,61401,Knox,West Central Illinois Nonmetropolitan,284000054
Revolution,High Haven - Elgin,15 Clock Tower Plz,Elgin,60120,Kane,Chicago-Naperville-Elgin,284000329
Revolution,Namaste Wellness - Hodgkins,6119 East Ave A,Hodgkins,60525,Cook,Chicago-Naperville-Elgin,284000279
Revolution,Revolution - Maryville,2533 Vandalia St,Collinsville,62234,Madison,"St. Louis, MO",284000167
Revolution,Revolution - Moline,4301 44th Ave,Moline,61265,Rock Island,Davenport-Moline-Rock Island,284000174
Revolution,Rise - Effingham,1011 Ford Ave Ste C,Effingham,62401,Effingham,East Central IL Nonmetropolitan,280000042
Sol Canna,Nirvana - Mt. Carmel,825 Chestnut St,Mount Carmel,62863,Wabash,South Illinois Nonmetropolitan,284000255
Sol Canna,Revolution - Normal,1609 Northbrook Dr,Normal,61761,McLean,Bloomington,284000221
Curaleaf,Aroma Hill - Fox Lake,1298 US Highway 12,Fox Lake,60020,Lake,Chicago-Naperville-Elgin,284000154
Curaleaf,Aroma Hill - Hoffman Estates,1237 North Barrington Road,Hoffman Estates,60169,Cook,Chicago-Naperville-Elgin,284000287
Curaleaf,Aroma Hill - Kankakee,2255 E Court St,Kankakee,60901,Kankakee,Kankakee,284000219
Curaleaf,Aroma Hill - Peoria,1210 W Glen Ave,Peoria,61614,Peoria,Peoria,284000265
Curaleaf,Earthmed - McHenry,1711 N Richmond Rd.,McHenry,60051,McHenry,Chicago-Naperville-Elgin,284000144
Curaleaf,Earthmed - Rosemont,10441 E. Touhy Ave.,Rosemont,60018,Cook,Chicago-Naperville-Elgin,284000082
Curaleaf,Green Releaf - Bourbonnais,1660 N State Route 50,Bourbonnais,60914,Kankakee,Kankakee,284000311
Curaleaf,Ivy Hall - Bolingbrook,361 S Bolingbrook Dr,Bolingbrook,60440,Will,Chicago-Naperville-Elgin,284000183
Curaleaf,Ivy Hall - Crystal Lake,501 Pingree Rd.,Crystal Lake,60014,McHenry,Chicago-Naperville-Elgin,284000313
Curaleaf,Ivy Hall - Damen,1720 N Damen Ave.,Chicago,60647,Cook,Chicago-Naperville-Elgin,284000232
Curaleaf,Ivy Hall - Edwardsville,6197 Old Alton Edwardsville Rd,Edwardsville,62025,Madison,"St. Louis, MO",284000302
Curaleaf,Ivy Hall - Glendale Heights,2130 Bloomingdale Rd Unit B,Glendale Heights,60139,DuPage,Chicago-Naperville-Elgin,284000182
Curaleaf,Ivy Hall - Logan Square,3115 W Armitage Ave,Chicago,60647,Cook,Chicago-Naperville-Elgin,284000184
Curaleaf,Ivy Hall - Montgomery,1970 Caterpillar Dr,Montgomery,60538,Kane,Chicago-Naperville-Elgin,284000181
Curaleaf,Ivy Hall - Peoria,3929 W. War Memorial Dr,Peoria,61615,Peoria,Peoria,284000230
Curaleaf,Ivy Hall - Streamwood,630 S Sutton Rd,Streamwood,60107,Cook,Chicago-Naperville-Elgin,284000141
Curaleaf,Ivy Hall - Waukegan,996 S Waukegan Rd.,Waukegan,60085,Lake,Chicago-Naperville-Elgin,284000180
Curaleaf,Natures Treatment - Milan ,973 Tech Dr,Milan,61264,Rock Island,Davenport-Moline-Rock Island,280000025
Curaleaf,Perception - Chicago,7000 N Clark St,Chicago,60626,Cook,Chicago-Naperville-Elgin,284000297
Curaleaf,Planet 13 - Waukegan,4000 Northpoint Blvd,Waukegan,60085,Lake,Chicago-Naperville-Elgin,284000162
Curaleaf,Rise - Canton,3104 N Main St,Canton,61520,Fulton,West Central Illinois Nonmetropolitan,280000003
Curaleaf,Rise - Joliet  Colorado Ave,2903 Colorado Ave.,Joliet,60431,Will,Chicago-Naperville-Elgin,284000044
Curaleaf,Rise - Lake in the Hills,270 N Randall Rd,Lake In The Hills,60156,McHenry,Chicago-Naperville-Elgin,284000110
Curaleaf,Rise - Mundelein,1325 Armour Blvd,Mundelein,60060,Lake,Chicago-Naperville-Elgin,280000002
Curaleaf,Rise - Niles,9621 N Milwaukee Ave.,Niles,60714,Cook,Chicago-Naperville-Elgin,284000055
Curaleaf,Rise - Quincy,2703 Broadway St,Quincy,62301,Adams,West Central Illinois Nonmetropolitan,284000047
Curaleaf,Sociale - Park Ridge,1036 Higgins Rd,Park Ridge,60068,Cook,Chicago-Naperville-Elgin,284000317
Curaleaf,Sunnyside - Chi-River North,436 N. Clark St.,Chicago,60654,Cook,Chicago-Naperville-Elgin,284000053
Curaleaf,Sunnyside - Elmwood Park,7955 W Grand Ave,Elmwood Park,60707,Peoria,Peoria,280000034
Curaleaf,Windy City Cannabis - Carpentersville,125 S Western Ave,Carpentersville,60110,Kane,Chicago-Naperville-Elgin,284000111
Curaleaf,Windy City Cannabis - Highwood,260 Green Bay Rd.,Highwood,60040,Lake,Chicago-Naperville-Elgin,284000100
Curaleaf,Windy City Cannabis - Homewood,1137 W. 175th St,Homewood,60430,Cook,Chicago-Naperville-Elgin,280000019
Curaleaf,Windy City Cannabis - Macomb,518 W Jackson St,Macomb,61455,McDonough,West Central Illinois Nonmetropolitan,284000112
Curaleaf,Windy City Cannabis - Posen,2535 Veterans Dr,Posen,60469,Cook,Chicago-Naperville-Elgin,280000026
KANHA,Grasshopper Club - Logan Square,2551 N. Milwaukee Ave.,Chicago,60647,Cook,Chicago-Naperville-Elgin,284000187
KANHA,Grasshopper Club - South Loop,58 E Roosevelt Rd Fl 1,Chicago,60605,Cook,Chicago-Naperville-Elgin,284000188
KANHA,Hatch - Wheeling,1500 E Lake Cook Rd,Wheeling,60090,Lake,Chicago-Naperville-Elgin,284000105
Revolution,Cannabist - Chicago,4758 N. Milwaukee Ave.,Chicago,60630,Cook,Chicago-Naperville-Elgin,284000024
Revolution,Revolution - Normal,1609 Northbrook Dr,Normal,61761,McLean,Bloomington,284000221
Revolution,Revolution - Schaumburg,820 E. Golf Rd.,Schaumburg,60173,Cook,Chicago-Naperville-Elgin,284000123
Revolution,Rise - Joliet  Colorado Ave,2903 Colorado Ave.,Joliet,60431,Will,Chicago-Naperville-Elgin,284000044
Revolution,Rise - Lake in the Hills,270 N Randall Rd,Lake In The Hills,60156,McHenry,Chicago-Naperville-Elgin,284000110
Revolution,Rise - Mundelein,1325 Armour Blvd,Mundelein,60060,Lake,Chicago-Naperville-Elgin,280000002
Revolution,Rise - Niles,9621 N Milwaukee Ave.,Niles,60714,Cook,Chicago-Naperville-Elgin,284000055
Revolution,River Bluff - Roselle,1350 Lake St,Roselle,60172,DuPage,Chicago-Naperville-Elgin,284000205
Cannect Wellness,Excelleaf - DeKalb,305 E Locust St,DeKalb,60115,Dekalb,Chicago-Naperville-Elgin,284000231
Cannect Wellness,Trinity Compassionate - Glen,2301 W. Glen Ave.,Peoria,61614,Peoria,Peoria,284000060
Curaleaf,Green Releaf - Bourbonnais,1660 N State Route 50,Bourbonnais,60914,Kankakee,Kankakee,284000311
Curaleaf,Maribis - Devnver,2451 Denver Drive,Springfield,62702,Sangamon,Springfield,280000049
KANHA,BLOC - Mattoon,511 Lake Land Blvd,Mattoon,61938,Coles,East Central IL Nonmetropolitan,284000306
KANHA,Dutchess - Lynwood,20513 Torrence Ave,Lynwood,60411,Will,Chicago-Naperville-Elgin,284000158
KANHA,Excelleaf - DeKalb,305 E Locust St,DeKalb,60115,Dekalb,Chicago-Naperville-Elgin,284000231
KANHA,Nirvana - Chicago,2301 W Lawrence Ave,Chicago,60625,Cook,Chicago-Naperville-Elgin,284000252
KANHA,Nirvana - Lake Zurich,676 S Rand Rd,Zake Zurich,60047,Lake,Chicago-Naperville-Elgin,284000251
KANHA,Nirvana - Palatine,333 East Lake Cook Rd,Palatine,60074,Cook,Chicago-Naperville-Elgin,284000250
KANHA,Planet 13 - Waukegan,4000 Northpoint Blvd,Waukegan,60085,Lake,Chicago-Naperville-Elgin,284000162
Revolution,Grasshopper Club - Logan Square,2551 N. Milwaukee Ave.,Chicago,60647,Cook,Chicago-Naperville-Elgin,284000187
Revolution,Grasshopper Club - South Loop,58 E Roosevelt Rd Fl 1,Chicago,60605,Cook,Chicago-Naperville-Elgin,284000188
Revolution,Nirvana - Chicago,2301 W Lawrence Ave,Chicago,60625,Cook,Chicago-Naperville-Elgin,284000252
Revolution,Nirvana - Lake Zurich,676 S Rand Rd,Zake Zurich,60047,Lake,Chicago-Naperville-Elgin,284000251
Revolution,Nirvana - Palatine,333 East Lake Cook Rd,Palatine,60074,Cook,Chicago-Naperville-Elgin,284000250
Revolution,Revolution - Mt Prospect,2015 E Euclid Ave,Mt Prospect,60056,Cook,Chicago-Naperville-Elgin,280000015
Revolution,Starbuds - Summit,5436 S Harlem Ave,Summit,60501,Cook,Chicago-Naperville-Elgin,284000358
Cannect Wellness,Nirvana - Mt. Carmel,825 Chestnut St,Mount Carmel,62863,Wabash,South Illinois Nonmetropolitan,284000255
Curaleaf,Ascend - Adams St,628 E Adams St,Springfield,62701,Sangamon,Springfield,280000029
Curaleaf,Ascend - Chicago Ridge,9820 Ridgeland Ave,Chicago Ridge,60415,Cook,Chicago-Naperville-Elgin,284000125
Curaleaf,Ascend - Collinsville,1014 Eastport Plaza Dr,Collinsville,62234,Madison,"St. Louis, MO",280000022
Curaleaf,Ascend - Fairview Heights,114 Commerce Ln,Fairview Heights,62208,St. Clair,"St. Louis, MO",284000104
Curaleaf,Ascend - Horizon Dr.,3201 Horizon Dr.,Springfield,62703,Sangamon,Springfield,284000069
Curaleaf,Ascend by Homecoming - Tinley Pk,16200 Harlem Ave.,Tinley Park,60477,Cook,Chicago-Naperville-Elgin,284000235
Curaleaf,Ascend Cannabis Outlet by InLabs - Northlake,39 W North Ave.,Northlake,60164,Cook,Chicago-Naperville-Elgin,284000197
Curaleaf,Ascend Moca - Logan Square,2367 N Milwaukee Ave.,Chicago,60647,Cook,Chicago-Naperville-Elgin,280000028
Curaleaf,Ascend Moca - River North,216 W. Ohio St.,Chicago,60654,Cook,Chicago-Naperville-Elgin,284000052
Curaleaf,BLOC - Mattoon,511 Lake Land Blvd,Mattoon,61938,Coles,East Central IL Nonmetropolitan,284000306
Curaleaf,Green Releaf - Villa Park,305 W North Ave,Villa Park,60181,DuPage,Chicago-Naperville-Elgin,284000148
Curaleaf,Maribis - Chicago,4570 S Archer Ave,Chicago,60632,Cook,Chicago-Naperville-Elgin,280000040
Curaleaf,Maribis - Westchester,1137 South Mannheim Road,Westchester,60154,Cook,Chicago-Naperville-Elgin,284000118
Curaleaf,Midway by Ascend - Chicago,5648 S Archer Ave,Chicago,60638,Cook,Chicago-Naperville-Elgin,280000033
Curaleaf,Noxx - East Peoria,300 S Main St,East Peoria,61611,Tazewell,Peoria,284000209
Curaleaf,Seven Point - Danville,380 Eastgate Dr.,Danville,61834,Vermilion,Danville,284000316
Curaleaf,Spark'd - Richmond,9705 Prairie Ridge,Richmond,60071,McHenry,Chicago-Naperville-Elgin,284000273
Curaleaf,Sunnyside - Buffalo Grove,830 Milwaukee Ave,Buffalo Grove,60089,Lake,Chicago-Naperville-Elgin,280000016
Curaleaf,Sunnyside - Champaign,1704 S Neil St Ste C,Champaign,61820,Champaign,Champaign-Urbana,280000035
Curaleaf,Sunnyside - Schaumburg,1739 E. Golf Rd.,Schaumburg,60173,Cook,Chicago-Naperville-Elgin,284000061
Drecisco Farms,Stash - Orland Hills,9545 167th St.,Orland Hills,60487,Cook,Chicago-Naperville-Elgin,284000281
Drecisco Farms,Stash - Peru,1320 38th St,Peru,61354,LaSalle,Northwest Illinois nonmetropolitan area,284000170
KANHA,BLOC - Forest Park,7216 Circle Ave,Forest Park,60130,Cook,Chicago-Naperville-Elgin,284000299
KANHA,Bloom Wellness - Hometown,4140 Southwest Hwy,Hometown,60456,Cook,Chicago-Naperville-Elgin,284000335
KANHA,Namaste Wellness - Hodgkins,6119 East Ave A,Hodgkins,60525,Cook,Chicago-Naperville-Elgin,284000279
Revolution,Bisa Lina - Carol Stream,720 E North Ave,Carol Stream,60188,DuPage,Chicago-Naperville-Elgin,284000318
Revolution,Dutchess - Lynwood,20513 Torrence Ave,Lynwood,60411,Will,Chicago-Naperville-Elgin,284000158
Revolution,Market 96 - Chicago,529 S Wells St Ste 100,Chicago,60607,Cook,Chicago-Naperville-Elgin,284000237
Six Labs,High Profile - Springfield,4211 Conestoga Dr,Springfield,62711,Sangamon,Springfield,284000178
Six Labs,The Carbondale - Carbondale,613 E Main St.,Carbondale,62901,Jackson,Carbondale-Marion,284000331
Timeless Select,Sociale - Park Ridge,1036 Higgins Rd,Park Ridge,60068,Cook,Chicago-Naperville-Elgin,284000317
Curaleaf,Curaleaf - Deerfield,677 Lake Cook Rd,Deerfield,60015,Lake,Chicago-Naperville-Elgin,280000018
Curaleaf,Curaleaf - Northbrook,755 Skokie Blvd.,Northbrook,60602,Cook,Chicago-Naperville-Elgin,284000090
Curaleaf,Curaleaf - Skokie,10000 Skokie Blvd,Skokie,60077,Cook,Chicago-Naperville-Elgin,284000093
Curaleaf,Dispensary 33 - Clark,5001 N Clark St,Chicago,60640,Cook,Chicago-Naperville-Elgin,280000012
Curaleaf,Rise - Naperville,1700 Quincy Ave Ste 103,Naperville,60540,DuPage,Chicago-Naperville-Elgin,280000027
Curaleaf,Altius - Round Lake Beach,993 E Rollins Rd,Round Lake Beach,60073,Lake,Chicago-Naperville-Elgin,284000163
Curaleaf,BLOC - Avondale,3545 N Kedzie Ave,Chicago,60618,Cook,Chicago-Naperville-Elgin,284000278
Curaleaf,BLOC - Berwyn,7122 Ogden Ave,Berwyn,60402,Cook,Chicago-Naperville-Elgin,284000343
Curaleaf,BLOC - Forest Park,7216 Circle Ave,Forest Park,60130,Cook,Chicago-Naperville-Elgin,284000299
Curaleaf,BLOC - Metropolis,2125 E 5th St,Metropolis,62960,Massac,South Illinois Nonmetropolitan,284000340
Curaleaf,BLOC - Northfield,161 Waukegan Rd,Northfield,60093,Cook,Chicago-Naperville-Elgin,284000324
Curaleaf,Lux Leaf - Matteson,5539 Miller Circle Dr,Matteson,60443,Cook,Chicago-Naperville-Elgin,284000296
Curaleaf,Parkway - Fox Lake,107 Towne Centre Ln 31,Fox lake,60020,Lake,Chicago-Naperville-Elgin,284000269
Curaleaf,SLI LLC,1411 S Eastwood Dr,Woodstock,60098,McHenry,Chicago-Naperville-Elgin,IN00000028
Curaleaf,Smokehouse - Fox Lake,44 S US Highway 12,Fox Lake,60020,Lake,Chicago-Naperville-Elgin,284000347
Curaleaf,Starbuds - Burbank,7844 S Cicero Ave,Burbank,60459,Cook,Chicago-Naperville-Elgin,284000285
Echelon,High Profile - Martinsville,3001 N York St.,Martinsville,62442,Clark,East Central IL Nonmetropolitan,284000305
Echelon,High Profile - Springfield,4211 Conestoga Dr,Springfield,62711,Sangamon,Springfield,284000178
KANHA,BLOC - Antioch,417 E Il Route 173 Unit 106,Antioch,60002,Lake,Chicago-Naperville-Elgin,284000338
KANHA,BLOC - Avondale,3545 N Kedzie Ave,Chicago,60618,Cook,Chicago-Naperville-Elgin,284000278
KANHA,Cloud9 - Schaumburg,1823 W Wise Rd.,Schaumburg,60193,Cook,Chicago-Naperville-Elgin,284000356
KANHA,EarthMed - Addison,852 S Westgate St,Addison,60101,DuPage,Chicago-Naperville-Elgin,280000005
KANHA,Earthmed - McHenry,1711 N Richmond Rd.,McHenry,60051,McHenry,Chicago-Naperville-Elgin,284000144
KANHA,Earthmed - Rosemont,10441 E. Touhy Ave.,Rosemont,60018,Cook,Chicago-Naperville-Elgin,284000082
KANHA,Nirvana - Chicago,2301 W Lawrence Ave,Chicago,60625,Cook,Chicago-Naperville-Elgin,284000252
KANHA,Nirvana - Mt. Carmel,825 Chestnut St,Mount Carmel,62863,Wabash,South Illinois Nonmetropolitan,284000255
KANHA,Stash - Orland Hills,9545 167th St.,Orland Hills,60487,Cook,Chicago-Naperville-Elgin,284000281
KANHA,Stash - Peru,1320 38th St,Peru,61354,LaSalle,Northwest Illinois nonmetropolitan area,284000170
Revolution,Green Releaf - Villa Park,305 W North Ave,Villa Park,60181,DuPage,Chicago-Naperville-Elgin,284000148
Revolution,Market 96 - Owego,1144 Douglas Rd.,Oswego,60543,Kendall,Chicago-Naperville-Elgin,284000238
Revolution,Nirvana - Mt. Carmel,825 Chestnut St,Mount Carmel,62863,Wabash,South Illinois Nonmetropolitan,284000255
Revolution,Revolution - Maryville,2533 Vandalia St,Collinsville,62234,Madison,"St. Louis, MO",284000167
Revolution,Revolution - Moline,4301 44th Ave,Moline,61265,Rock Island,Davenport-Moline-Rock Island,284000174
Revolution,The Carbondale - Carbondale,613 E Main St.,Carbondale,62901,Jackson,Carbondale-Marion,284000331
Revolution,Thrive - Harrisburg,105 N Veterans Drive,Harrisburg,62946,Saline,South Illinois Nonmetropolitan,280000031
Revolution,Thrive - Metropolis,1551 E. 5th St.,Metropolis,62960,Massac,South Illinois Nonmetropolitan,284000122
Revolution,Thrive - Mt. Vernon,800 S 45th St,Mount Vernon,62864,Jefferson,South Illinois Nonmetropolitan,284000066
Curaleaf,Aroma Hill - Belvidere,1874 Crystal Parkway,Belvidere,61008,Boone,Rockford,284000165
Curaleaf,Aroma Hill - Fox Lake,1298 US Highway 12,Fox Lake,60020,Lake,Chicago-Naperville-Elgin,284000154
Curaleaf,Aroma Hill - Hoffman Estates,1237 North Barrington Road,Hoffman Estates,60169,Cook,Chicago-Naperville-Elgin,284000287
Curaleaf,Cloud9 - Champaign,505 W Town Center Blvd.,Champaign,61822,Champaign,Champaign-Urbana,284000259
Curaleaf,Cloud9 - Oswego,2420 US Highway 30,Oswego,60543,Kendall,Chicago-Naperville-Elgin,284000292
Curaleaf,Natures Treatment - Galesburg,735 W. Main St.,Galesburg,61401,Knox,West Central Illinois Nonmetropolitan,284000054
Curaleaf,Natures Treatment - Milan ,973 Tech Dr,Milan,61264,Rock Island,Davenport-Moline-Rock Island,280000025
Curaleaf,Seven Point - Danville,380 Eastgate Dr.,Danville,61834,Vermilion,Danville,284000316
Curaleaf,Snap Canna - Elk Grove Vilage,840 E. Higgins Rd.,Elk Grove Village,60007,Cook,Chicago-Naperville-Elgin,284000222
Curaleaf,Snap Canna - Elk Grove Vilage,840 E. Higgins Rd.,Elk Grove Village,60007,Cook,Chicago-Naperville-Elgin,284000222
Curaleaf,Spark'd - South Loop,2114 S Wabash Ave,Chicago,60616,Cook,Chicago-Naperville-Elgin,284000192
Curaleaf,Spark'd - Winthrop Harbor,935 Sheridan Rd,Winthrop Harbor,60096,Lake,Chicago-Naperville-Elgin,284000272
Curaleaf,Starbuds - Burbank,7844 S Cicero Ave,Burbank,60459,Cook,Chicago-Naperville-Elgin,284000285
Curaleaf,Starbuds - Hoffman Estates,5 E Golf Rd,Hoffman Estates,60169,Cook,Chicago-Naperville-Elgin,284000271
Curaleaf,Starbuds - Riverside,2704 Harlem Ave,Riverside,60546,Cook,Chicago-Naperville-Elgin,284000268
Curaleaf,Starbuds - Westmont,101 W Ogden Ave,Westmont,60559,DuPage,Chicago-Naperville-Elgin,284000164
Curaleaf,Vertical - Cary,20 Northwest Hwy,Cary,60013,McHenry,Chicago-Naperville-Elgin,284000300
Curaleaf,Windy City Cannabis - Macomb,518 W Jackson St,Macomb,61455,McDonough,West Central Illinois Nonmetropolitan,284000112
Revolution,Altius - Round Lake Beach,993 E Rollins Rd,Round Lake Beach,60073,Lake,Chicago-Naperville-Elgin,284000163
Revolution,Guaranteed - Chicago,620 N Fairbanks Ct,Chicago,60611,Cook,Chicago-Naperville-Elgin,284000191
Revolution,Revolution - Mt Prospect,2015 E Euclid Ave,Mt Prospect,60056,Cook,Chicago-Naperville-Elgin,280000015
Revolution,Revolution - Normal,1609 Northbrook Dr,Normal,61761,McLean,Bloomington,284000221
Revolution,Revolution - Schaumburg,820 E. Golf Rd.,Schaumburg,60173,Cook,Chicago-Naperville-Elgin,284000123
Revolution,Terrace - Moline,2727 Avenue of the Cities,Moline,61265,Rock Island,Davenport-Moline-Rock Island,284000175
KANHA,Dutchess Cannabis - Oak Park,1132 Lake St,Oak Park,60301,Cook,Chicago-Naperville-Elgin,28000041
KANHA,NuEra - Dekalb,818 W Lincoln Hwy Ste 7,DeKalb,60115,DeKalb,Chicago-Naperville-Elgin,284000201
Revolution,Grasshopper Club - South Loop,58 E Roosevelt Rd Fl 1,Chicago,60605,Cook,Chicago-Naperville-Elgin,284000188
Cannect Wellness,Herb Social - Lawrenceville,616 12th St.,Lawrenceville,62439,Lawrence,East Central IL Nonmetropolitan,284000172
Echelon,Green Temple - Troy,904 Edwardsville Rd.,Troy,62294,Madison,"St. Louis, MO",284000168
KANHA,Bloom Wellness - Quincy (1837),1837 Broadway St,Quincy,62301,Adams,West Central Illinois Nonmetropolitan,284000138
KANHA,Bloom Wellness - Quincy (4440),4440 Broadway St Ste 1,Quincy,62305,Adams,West Central Illinois Nonmetropolitan,284000004
KANHA,Verilife - North Aurora,2080 West Orchard Rd,North Aurora,60542,Kane,Chicago-Naperville-Elgin,280000006
KANHA,Verilife - Ottawa,4100 Columbus St,Ottawa,61350,LaSalle,Northwest Illinois nonmetropolitan area,280000008
KANHA,Verilife - Romeoville,412 N Weber Rd,Romeoville,60446,Will,Chicago-Naperville-Elgin,280000030
KANHA,BLOC - Northfield,161 Waukegan Rd,Northfield,60093,Cook,Chicago-Naperville-Elgin,284000324
KANHA,Cookies - Pontoon Beach,5111 State Route 111,Pontoon Beach,62040,Madison,"St. Louis, MO",284000320
KANHA,Verilife - Chicago River North,60 W Superior St,Chicago,60654,Cook,Chicago-Naperville-Elgin,284000099
KANHA,Verilife - Galena,115 Perry St.,Galena,61036,Jo Daviess,Northwest Illinois nonmetropolitan area,284000097
Revolution,Revolution - Maryville,2533 Vandalia St,Collinsville,62234,Madison,"St. Louis, MO",284000167
Revolution,Revolution - Moline,4301 44th Ave,Moline,61265,Rock Island,Davenport-Moline-Rock Island,284000174
Revolution,Rise - Canton,3104 N Main St,Canton,61520,Fulton,West Central Illinois Nonmetropolitan,280000003
Revolution,Rise - Charleston,909 Lincoln Ave.,Charleston,61920,Coles,East Central IL Nonmetropolitan,284000130
Revolution,Rise - Quincy,2703 Broadway St,Quincy,62301,Adams,West Central Illinois Nonmetropolitan,284000047
Six Labs,Cookies - Pontoon Beach,5111 State Route 111,Pontoon Beach,62040,Madison,"St. Louis, MO",284000320
Six Labs,Green Temple - Troy,904 Edwardsville Rd.,Troy,62294,Madison,"St. Louis, MO",284000168
Curaleaf,Dutchess Cannabis - Morton Grove,6761 Dempster St,Morton Grove,60053,Cook,Chicago-Naperville-Elgin,284000106
Curaleaf,Dutchess Cannabis - N. Riverside,8380 W Cermak Rd,North Riverside,60546,Cook,Chicago-Naperville-Elgin,284000334
Curaleaf,Rise - Canton,3104 N Main St,Canton,61520,Fulton,West Central Illinois Nonmetropolitan,280000003
Curaleaf,Rise - Joliet  Colorado Ave,2903 Colorado Ave.,Joliet,60431,Will,Chicago-Naperville-Elgin,284000044
Curaleaf,Rise - Joliet  Rock Creek,1627 Rock Creek Blvd,Joliet,60431,Will,Chicago-Naperville-Elgin,280000011
Curaleaf,Rise - Naperville,1700 Quincy Ave Ste 103,Naperville,60540,DuPage,Chicago-Naperville-Elgin,280000027
Curaleaf,Rise - Quincy,2703 Broadway St,Quincy,62301,Adams,West Central Illinois Nonmetropolitan,284000047
Curaleaf,Sunnyside - Champaign,1704 S Neil St Ste C,Champaign,61820,Champaign,Champaign-Urbana,280000035
Curaleaf,Sunnyside - Danville,369 Lynch Dr.,Danville,61834,Vermilion,Danville,284000056
KANHA,BLOC - Berwyn,7122 Ogden Ave,Berwyn,60402,Cook,Chicago-Naperville-Elgin,284000343
KANHA,Bud and Ritas - Wadsworth,41509 N US Highway 41,Wadsworth,60083,Lake,Chicago-Naperville-Elgin,284000277
KANHA,Cannabist - Villa Park,133 Roosevelt Rd.,Villa Park,60181,DuPage,Chicago-Naperville-Elgin,284000065
KANHA,Cloudhaven - South Beloit,1322 Gardner St.,South Beloit,61080,Winnebago,Rockford,284000166
KANHA,Lux Leaf - Matteson,5539 Miller Circle Dr,Matteson,60443,Cook,Chicago-Naperville-Elgin,284000296
KANHA,Phili - Bourbonnais,1300 Locke Dr.,Bourbonnais,60914,Kankakee,Kankakee,284000229
KANHA,Verilife - Rosemont,5540 Park Pl,Rosemont,60018,Cook,Chicago-Naperville-Elgin,284000096
Revolution,Revolution - Normal,1609 Northbrook Dr,Normal,61761,McLean,Bloomington,284000221
Revolution,Revolution - Schaumburg,820 E. Golf Rd.,Schaumburg,60173,Cook,Chicago-Naperville-Elgin,284000123
Curaleaf,Natures Treatment - Galesburg,735 W. Main St.,Galesburg,61401,Knox,West Central Illinois Nonmetropolitan,284000054
Curaleaf,Natures Treatment - Milan ,973 Tech Dr,Milan,61264,Rock Island,Davenport-Moline-Rock Island,280000025
Curaleaf,Rise - Lake in the Hills,270 N Randall Rd,Lake In The Hills,60156,McHenry,Chicago-Naperville-Elgin,284000110
Curaleaf,Spark'd - Richmond,9705 Prairie Ridge,Richmond,60071,McHenry,Chicago-Naperville-Elgin,284000273
Curaleaf,Terrabis - Dixon,1679 S Galena Ave.,Dixon,61021,Lee,Northwest Illinois nonmetropolitan area,284000351
Curaleaf,Terrabis - Plainfield,16020 S Route 59,Plainfield,60586,Will,Chicago-Naperville-Elgin,284000286
Curaleaf,Terrabis - Woodstock,601 S Eastwood Dr,Woodstock,60098,McHenry,Chicago-Naperville-Elgin,284000315
Curaleaf,The Dispensary - East Dubuque,1709 Il Route 35 N,East Dubuque,61025,Jo Daviess,Northwest Illinois nonmetropolitan area,284000113
Curaleaf,Windy City Cannabis - Carpentersville,125 S Western Ave,Carpentersville,60110,Kane,Chicago-Naperville-Elgin,284000111
Curaleaf,Windy City Cannabis - Highwood,260 Green Bay Rd.,Highwood,60040,Lake,Chicago-Naperville-Elgin,284000100
KANHA,Dutchess Cannabis - Morton Grove,6761 Dempster St,Morton Grove,60053,Cook,Chicago-Naperville-Elgin,284000106
KANHA,Dutchess Cannabis - N. Riverside,8380 W Cermak Rd,North Riverside,60546,Cook,Chicago-Naperville-Elgin,284000334
KANHA,Market 96 - Chicago,529 S Wells St Ste 100,Chicago,60607,Cook,Chicago-Naperville-Elgin,284000237
KANHA,Market 96 - Owego,1144 Douglas Rd.,Oswego,60543,Kendall,Chicago-Naperville-Elgin,284000238
KANHA,Natures Care - Rolling Meadows,975 Rohlwing Rd,Rolling Meadows,60008,Cook,Chicago-Naperville-Elgin,280000024
KANHA,Parkway - Tilton,2 Donna Dr.,Tilton,61833,Vermilion,Danville,284000173
KANHA,Spark'd - Richmond,9705 Prairie Ridge,Richmond,60071,McHenry,Chicago-Naperville-Elgin,284000273
KANHA,Spark'd - Winthrop Harbor,935 Sheridan Rd,Winthrop Harbor,60096,Lake,Chicago-Naperville-Elgin,284000272
KANHA,Thrive - Metropolis,1551 E. 5th St.,Metropolis,62960,Massac,South Illinois Nonmetropolitan,284000122
KANHA,Bridge City - East Dubuque,122 Sinsinawa Ave,East Dubuque,61025,Jo Daviess,Northwest Illinois nonmetropolitan area,284000307
KANHA,Rise - Lake in the Hills,270 N Randall Rd,Lake In The Hills,60156,McHenry,Chicago-Naperville-Elgin,284000110
Revolution,Revolution - Mt Prospect,2015 E Euclid Ave,Mt Prospect,60056,Cook,Chicago-Naperville-Elgin,280000015
Revolution,Rise - Effingham,1011 Ford Ave Ste C,Effingham,62401,Effingham,East Central IL Nonmetropolitan,280000042
Revolution,Rise - Joliet  Colorado Ave,2903 Colorado Ave.,Joliet,60431,Will,Chicago-Naperville-Elgin,284000044
Revolution,Rise - Naperville,1700 Quincy Ave Ste 103,Naperville,60540,DuPage,Chicago-Naperville-Elgin,280000027
Six Labs,Aroma Hill - Peoria,1210 W Glen Ave,Peoria,61614,Peoria,Peoria,284000265
Six Labs,High Haven - Normal,106 Mall Dr,Normal,61761,McLean,Bloomington,284000332
Six Labs,Noxx - East Peoria,300 S Main St,East Peoria,61611,Tazewell,Peoria,284000209
Six Labs,Seven Point - Danville,380 Eastgate Dr.,Danville,61834,Vermilion,Danville,284000316
Six Labs,Ash Ivy - Benton,9 N Rend Lake Plz,Benton,62812,Franklin,South Illinois Nonmetropolitan,284000349
Sol Canna,Thrive - Metropolis,1551 E. 5th St.,Metropolis,62960,Massac,South Illinois Nonmetropolitan,284000122
Sol Canna,Thrive - Mt. Vernon,800 S 45th St,Mount Vernon,62864,Jefferson,South Illinois Nonmetropolitan,284000066
Timeless Select,Zen Leaf - Pilsen,1301 S Western Ave,Chicago,60608,Cook,Chicago-Naperville-Elgin,280000051
Timeless Select,Curaleaf - Deerfield,677 Lake Cook Rd,Deerfield,60015,Lake,Chicago-Naperville-Elgin,280000018
Timeless Select,Curaleaf - New Lenox,705 E Lincoln Hwy.,New Lenox,60451,Will,Chicago-Naperville-Elgin,280000017
Timeless Select,Curaleaf - Northbrook,755 Skokie Blvd.,Northbrook,60602,Cook,Chicago-Naperville-Elgin,284000090
Timeless Select,Natures Care - Rolling Meadows,975 Rohlwing Rd,Rolling Meadows,60008,Cook,Chicago-Naperville-Elgin,280000024
Timeless Select,Parkway - Tilton,2 Donna Dr.,Tilton,61833,Vermilion,Danville,284000173
Timeless Select,Tree Haus - Morris,50 Gore Rd,Morris,60450,Grundy,Chicago-Naperville-Elgin,284000160
Timeless Select,Zen Leaf - Evanston,1804 Maple Ave,Evanston,60201,Cook,Chicago-Naperville-Elgin,280000009
Timeless Select,Zen Leaf - Greektown,222 S Halsted St,Chicago,60661,Cook,Chicago-Naperville-Elgin,284000107
Timeless Select,Zen Leaf - Highland Park,2030 Skokie Valley Rd,Highland Park,60035,Lake,Chicago-Naperville-Elgin,280000032
Timeless Select,Zen Leaf - Naperville,"1516 N. Naper Blvd, Spc 100",Naperville,60563,DuPage,Chicago-Naperville-Elgin,284000078
Timeless Select,Zen Leaf - Prospect Heights,1434 N Rand Rd.,Prospect Heights,60070,Cook,Chicago-Naperville-Elgin,284000081
Timeless Select,Zen Leaf - St. Charles,3691 E. Main St.,Saint Charles,60174,Kane,Chicago-Naperville-Elgin,280000020
Timeless Select,BLOC - Antioch,417 E Il Route 173 Unit 106,Antioch,60002,Lake,Chicago-Naperville-Elgin,284000338
Curaleaf,Altius - Orland Hills,9101 159th St,Orland Hills,60487,Cook,Chicago-Naperville-Elgin,284000275
Curaleaf,Altius - Round Lake Beach,993 E Rollins Rd,Round Lake Beach,60073,Lake,Chicago-Naperville-Elgin,284000163
Curaleaf,Beyond Hello - Bloomington,118 Keaton Place,Bloomington,61704,McLean,Bloomington,284000085
Curaleaf,Beyond/Hello - Normal,501 W Northtown Rd,Normal,61761,McLean,Bloomington,280000045
Curaleaf,Rise - Charleston,909 Lincoln Ave.,Charleston,61920,Coles,East Central IL Nonmetropolitan,284000130
Curaleaf,Rise - Effingham,1011 Ford Ave Ste C,Effingham,62401,Effingham,East Central IL Nonmetropolitan,280000042
Curaleaf,Rise - Mundelein,1325 Armour Blvd,Mundelein,60060,Lake,Chicago-Naperville-Elgin,280000002
Curaleaf,Rise - Niles,9621 N Milwaukee Ave.,Niles,60714,Cook,Chicago-Naperville-Elgin,284000055
Curaleaf,Seven Point - Danville,380 Eastgate Dr.,Danville,61834,Vermilion,Danville,284000316
Curaleaf,Sunnyside - Rockford,2696 McFarland Rd,Rockford,61107,Winnebago,Rockford,280000013
Curaleaf,Sunnyside - South Beloit,7000 First Ranger Dr.,South Beloit,61080,Winnebago,Rockford,284000059
Curaleaf,Windy City Cannabis - Homewood,1137 W. 175th St,Homewood,60430,Cook,Chicago-Naperville-Elgin,280000019
Curaleaf,Windy City Cannabis - Posen,2535 Veterans Dr,Posen,60469,Cook,Chicago-Naperville-Elgin,280000026
Revolution,Rise - Joliet  Rock Creek,1627 Rock Creek Blvd,Joliet,60431,Will,Chicago-Naperville-Elgin,280000011
Revolution,Rise - Niles,9621 N Milwaukee Ave.,Niles,60714,Cook,Chicago-Naperville-Elgin,284000055
Drecisco Farms,BLOC - Forest Park,7216 Circle Ave,Forest Park,60130,Cook,Chicago-Naperville-Elgin,284000299
KANHA,Bud and Ritas - Chicago,3425 W Belmont Ave,Chicago,60618,Cook,Chicago-Naperville-Elgin,284000276
KANHA,Bud and Ritas - Niles,5960 W Touhy Ave,Niles,60714,Cook,Chicago-Naperville-Elgin,284000280
KANHA,Cookies - Peoria Heights,1209 E War Memorial Dr,Peoria Heights,61616,Peoria,Peoria,284000319
KANHA,Mystic Greenz - Belleville,360 S Green Mount Rd,Belleville,62221,St. Clair,"St. Louis, MO",284000330
KANHA,Mystic Greenz - Decatur,5405 Indus. Dr.,Decatur,62522,Macon,Decatur,284000312
KANHA,Mystic Greenz - Lincoln,1120 Woodlawn Rd,Lincoln,62656,Logan,West Central Illinois Nonmetropolitan,284000212
KANHA,Rise - Mundelein,1325 Armour Blvd,Mundelein,60060,Lake,Chicago-Naperville-Elgin,280000002
KANHA,Viola - Broadview,1516 W Roosevelt Rd.,Broadview,60155,Cook,Chicago-Naperville-Elgin,284000207
KANHA,Dutchess - Lynwood,20513 Torrence Ave,Lynwood,60411,Will,Chicago-Naperville-Elgin,284000158
KANHA,Hi Five - Crestwood,13352 Cicero Ave,Crestwood,60418,Cook,Chicago-Naperville-Elgin,284000290
KANHA,SHARE - Springfield,3600 S 6th Street Rd,Springfield,62703,Sangamon,Springfield,284000179
Revolution,Altius - Round Lake Beach,993 E Rollins Rd,Round Lake Beach,60073,Lake,Chicago-Naperville-Elgin,284000163
Revolution,Bloom Wellness - Hometown,4140 Southwest Hwy,Hometown,60456,Cook,Chicago-Naperville-Elgin,284000335
Revolution,Bloom Wellness - Quincy (1837),1837 Broadway St,Quincy,62301,Adams,West Central Illinois Nonmetropolitan,284000138
Revolution,Bloom Wellness - Quincy (4440),4440 Broadway St Ste 1,Quincy,62305,Adams,West Central Illinois Nonmetropolitan,284000004
Revolution,Dispensary 33 - Clark,5001 N Clark St,Chicago,60640,Cook,Chicago-Naperville-Elgin,280000012
Revolution,Revolution - Maryville,2533 Vandalia St,Collinsville,62234,Madison,"St. Louis, MO",284000167
Revolution,Revolution - Moline,4301 44th Ave,Moline,61265,Rock Island,Davenport-Moline-Rock Island,284000174
Revolution,Spark'd - Winthrop Harbor,935 Sheridan Rd,Winthrop Harbor,60096,Lake,Chicago-Naperville-Elgin,284000272
Revolution,The Happy Cannabis Company - Loves Park,4120 N Bell School Rd,Loves Park,61111,Winnebago,Rockford,284000102
Revolution,The Happy Cannabis Company - Loves Park,4120 N Bell School Rd,Loves Park,61111,Winnebago,Rockford,284000102
Sol Canna,Herb Social - Lawrenceville,616 12th St.,Lawrenceville,62439,Lawrence,East Central IL Nonmetropolitan,284000172
Sol Canna,Thrive - Casey,912 N Route 49,Casey,62420,Clark,East Central IL Nonmetropolitan,284000171
Sol Canna,Beyond/Hello - Normal,501 W Northtown Rd,Normal,61761,McLean,Bloomington,280000045
Sol Canna,Mystic Greenz - Belleville,360 S Green Mount Rd,Belleville,62221,St. Clair,"St. Louis, MO",284000330
Sol Canna,Mystic Greenz - Decatur,5405 Indus. Dr.,Decatur,62522,Macon,Decatur,284000312
Sol Canna,Nirvana - Chicago,2301 W Lawrence Ave,Chicago,60625,Cook,Chicago-Naperville-Elgin,284000252
Sol Canna,Nirvana - Lake Zurich,676 S Rand Rd,Zake Zurich,60047,Lake,Chicago-Naperville-Elgin,284000251
Sol Canna,Nirvana - Mt. Carmel,825 Chestnut St,Mount Carmel,62863,Wabash,South Illinois Nonmetropolitan,284000255
Sol Canna,Nirvana - Palatine,333 East Lake Cook Rd,Palatine,60074,Cook,Chicago-Naperville-Elgin,284000250
Timeless Select,BLOC - Forest Park,7216 Circle Ave,Forest Park,60130,Cook,Chicago-Naperville-Elgin,284000299
Timeless Select,BLOC - Mattoon,511 Lake Land Blvd,Mattoon,61938,Coles,East Central IL Nonmetropolitan,284000306
Timeless Select,Maribis - Devnver,2451 Denver Drive,Springfield,62702,Sangamon,Springfield,280000049
Timeless Select,Maribis - Lindbergh,3025 Lindbergh Blvd,Springfield,62704,Sangamon,Springfield,284000119
Curaleaf,Aroma Hill - Fox Lake,1298 US Highway 12,Fox Lake,60020,Lake,Chicago-Naperville-Elgin,284000154
Curaleaf,Aroma Hill - Kankakee,2255 E Court St,Kankakee,60901,Kankakee,Kankakee,284000219
Curaleaf,Aroma Hill - Peoria,1210 W Glen Ave,Peoria,61614,Peoria,Peoria,284000265
Curaleaf,Cannabist - Villa Park,133 Roosevelt Rd.,Villa Park,60181,DuPage,Chicago-Naperville-Elgin,284000065
Curaleaf,Curaleaf - Deerfield,677 Lake Cook Rd,Deerfield,60015,Lake,Chicago-Naperville-Elgin,280000018
Curaleaf,Curaleaf - Northbrook,755 Skokie Blvd.,Northbrook,60602,Cook,Chicago-Naperville-Elgin,284000090
Curaleaf,Curaleaf - Skokie,10000 Skokie Blvd,Skokie,60077,Cook,Chicago-Naperville-Elgin,284000093
Revolution,Aces Dispensary - Plainfield,12627 S Route 59,Plainfield,60585,Will,Chicago-Naperville-Elgin,284000198
Revolution,Grasshopper Club - South Loop,58 E Roosevelt Rd Fl 1,Chicago,60605,Cook,Chicago-Naperville-Elgin,284000188
Revolution,Revolution - Normal,1609 Northbrook Dr,Normal,61761,McLean,Bloomington,284000221
Revolution,Revolution - Schaumburg,820 E. Golf Rd.,Schaumburg,60173,Cook,Chicago-Naperville-Elgin,284000123
Revolution,Rise - Mundelein,1325 Armour Blvd,Mundelein,60060,Lake,Chicago-Naperville-Elgin,280000002
Revolution,Altius - Carol Stream,506 S Schmale Rd,Carol Stream,60188,DuPage,Chicago-Naperville-Elgin,284000274
Revolution,Mint - Willowbrook,900 75th St,Willowbrook,60527,Cook,Chicago-Naperville-Elgin,284000156
Revolution,Revolution - Mt Prospect,2015 E Euclid Ave,Mt Prospect,60056,Cook,Chicago-Naperville-Elgin,280000015
Revolution,Zen Leaf - Highland Park,2030 Skokie Valley Rd,Highland Park,60035,Lake,Chicago-Naperville-Elgin,280000032
Revolution,Zen Leaf - Pilsen,1301 S Western Ave,Chicago,60608,Cook,Chicago-Naperville-Elgin,280000051
Revolution,Zen Leaf - St. Charles,3691 E. Main St.,Saint Charles,60174,Kane,Chicago-Naperville-Elgin,280000020
Curaleaf,High Profile - Metropolis,1801 E 5th St,Metropolis,62960,Massac,South Illinois Nonmetropolitan,284000314
Drecisco Farms,BLOC - Avondale,3545 N Kedzie Ave,Chicago,60618,Cook,Chicago-Naperville-Elgin,284000278
Drecisco Farms,BLOC - Berwyn,7122 Ogden Ave,Berwyn,60402,Cook,Chicago-Naperville-Elgin,284000343
Drecisco Farms,Thrive - Casey,912 N Route 49,Casey,62420,Clark,East Central IL Nonmetropolitan,284000171
Drecisco Farms,Thrive - Mt. Vernon,800 S 45th St,Mount Vernon,62864,Jefferson,South Illinois Nonmetropolitan,284000066
Galaxy Labs,Realeaf Botanicals LLC,1777 2ND AVENUE NORTH,Silvis,61282,Rock Island,Davenport-Moline-Rock Island,CG00000058
KANHA,Bud and Ritas - Chicago,3425 W Belmont Ave,Chicago,60618,Cook,Chicago-Naperville-Elgin,284000276
KANHA,Cannabist - Chicago,4758 N Milwaukee Ave,Chicago,60630,Cook,Chicago-Naperville-Elgin,280000044
KANHA,Natures Treatment - Milan ,973 Tech Dr,Milan,61264,Rock Island,Davenport-Moline-Rock Island,280000025
KANHA,NuEra - Aurora,1415 Corporate Blvd.,Aurora,60502,Cook,Chicago-Naperville-Elgin,284000072
KANHA,Village - Bucktown,1850 W Webster Ave,Chicago,60614,Cook,Chicago-Naperville-Elgin,284000208
KANHA,Altius - Orland Hills,9101 159th St,Orland Hills,60487,Cook,Chicago-Naperville-Elgin,284000275
KANHA,Dutchess - Markham,3063 W 159th St.,Markham,60428,Cook,Chicago-Naperville-Elgin,284000159
KANHA,Nirvana - Chicago,2301 W Lawrence Ave,Chicago,60625,Cook,Chicago-Naperville-Elgin,284000252
KANHA,Nirvana - Mt. Carmel,825 Chestnut St,Mount Carmel,62863,Wabash,South Illinois Nonmetropolitan,284000255
Revolution,Bloom Wellness - Quincy (4440),4440 Broadway St Ste 1,Quincy,62305,Adams,West Central Illinois Nonmetropolitan,284000004
Revolution,Mission - Norridge,4113 N Harlem Ave,Norridge,60706,Cook,Chicago-Naperville-Elgin,284000147
Timeless Select,BLOC - Avondale,3545 N Kedzie Ave,Chicago,60618,Cook,Chicago-Naperville-Elgin,284000278
Timeless Select,BLOC - Berwyn,7122 Ogden Ave,Berwyn,60402,Cook,Chicago-Naperville-Elgin,284000343
Timeless Select,NuEra - Dekalb,818 W Lincoln Hwy Ste 7,DeKalb,60115,DeKalb,Chicago-Naperville-Elgin,284000201
Timeless Select,NuEra - East Dubuque,20170 US Highway 20 W,East Dubuque,61025,Jo Daviess,Northwest Illinois nonmetropolitan area,284000211
Revolution,Market 96 - Chicago,529 S Wells St Ste 100,Chicago,60607,Cook,Chicago-Naperville-Elgin,284000237
Revolution,Market 96 - Owego,1144 Douglas Rd.,Oswego,60543,Kendall,Chicago-Naperville-Elgin,284000238
Cannect Wellness,Thrive - Metropolis,1551 E. 5th St.,Metropolis,62960,Massac,South Illinois Nonmetropolitan,284000122
Drecisco Farms,BLOC - Metropolis,2125 E 5th St,Metropolis,62960,Massac,South Illinois Nonmetropolitan,284000340
Drecisco Farms,Dispensary 33 - Clark,5001 N Clark St,Chicago,60640,Cook,Chicago-Naperville-Elgin,280000012
Drecisco Farms,Dispensary 33 - Fulton Market,1152 W. Randolph,Chicago,60607,Cook,Chicago-Naperville-Elgin,284000073
Drecisco Farms,Namaste Wellness - Hodgkins,6119 East Ave A,Hodgkins,60525,Cook,Chicago-Naperville-Elgin,284000279
Drecisco Farms,Snap Canna - Elk Grove Vilage,840 E. Higgins Rd.,Elk Grove Village,60007,Cook,Chicago-Naperville-Elgin,284000222
Drecisco Farms,Spark'd - Richmond,9705 Prairie Ridge,Richmond,60071,McHenry,Chicago-Naperville-Elgin,284000273
Drecisco Farms,Spark'd - South Loop,2114 S Wabash Ave,Chicago,60616,Cook,Chicago-Naperville-Elgin,284000192
Drecisco Farms,Spark'd - Wicker Park,1212 N Ashland Ave,Chicago,60622,Cook,Chicago-Naperville-Elgin,284000193
Drecisco Farms,Spark'd - Winthrop Harbor,935 Sheridan Rd,Winthrop Harbor,60096,Lake,Chicago-Naperville-Elgin,284000272
Drecisco Farms,Thrive - Anna,87 Richview Drive,Anna,62906,Union,South Illinois Nonmetropolitan,280000036
Drecisco Farms,Thrive - Harrisburg,105 N Veterans Drive,Harrisburg,62946,Saline,South Illinois Nonmetropolitan,280000031
Drecisco Farms,Thrive - Metropolis,1551 E. 5th St.,Metropolis,62960,Massac,South Illinois Nonmetropolitan,284000122
KANHA,Altius - Round Lake Beach,993 E Rollins Rd,Round Lake Beach,60073,Lake,Chicago-Naperville-Elgin,284000163
KANHA,Dutchess Cannabis - Oak Park,1132 Lake St,Oak Park,60301,Cook,Chicago-Naperville-Elgin,28000041
KANHA,Perception - Chicago,7000 N Clark St,Chicago,60626,Cook,Chicago-Naperville-Elgin,284000297
KANHA,Planet 13 - Waukegan,4000 Northpoint Blvd,Waukegan,60085,Lake,Chicago-Naperville-Elgin,284000162
KANHA,Be. - Blue Island,12720 Western Ave,Blue Island,60406,Cook,Chicago-Naperville-Elgin,284000245
KANHA,Be. - Oak Forest,5940 159th St,Oak Forest,60452,Cook,Chicago-Naperville-Elgin,284000246
KANHA,Hatch - Addison,1433 W Fullerton Ave Ste C,Addison,60101,DuPage,Chicago-Naperville-Elgin,280000038
KANHA,Nirvana - Lake Zurich,676 S Rand Rd,Zake Zurich,60047,Lake,Chicago-Naperville-Elgin,284000251
KANHA,Nirvana - Palatine,333 East Lake Cook Rd,Palatine,60074,Cook,Chicago-Naperville-Elgin,284000250
KANHA,NuEra - East Peoria,504 Riverside Dr,East Peoria,61611,Tazewell,Peoria,280000036
KANHA,NuEra - Pekin,3249 Court St.,Pekin,61554,Tazewell,Peoria,284000116
KANHA,NuEra - Urbana,105 E University Ave,Urbana,61801,Champaign,Champaign-Urbana,280000046
KANHA,Windy City Cannabis - Highwood,260 Green Bay Rd.,Highwood,60040,Lake,Chicago-Naperville-Elgin,284000100
Revolution,Consume - Antioch,471 Main St,Antioch,60002,Lake,Chicago-Naperville-Elgin,284000294
Revolution,Consume - Carbondale,201 E. Main Street,Carbondale,62901,Jackson,Carbondale-Marion,284000058
Revolution,Consume - Chicago,6428 N Milwaukee Ave,Chicago,60631,Cook,Chicago-Naperville-Elgin,280000047
Revolution,Consume - Marion,8195 Express Dr,Marion,62959,Marion,East Central IL Nonmetropolitan,280000001
Revolution,Consume - Oakbrook Terrace,1S130 Summit Ave.,Oakbrook Terrace,60181,DuPage,Chicago-Naperville-Elgin,284000070
Revolution,Consume - St. Charles,584 S Randall Rd.,St Charles,60174,Kane,Chicago-Naperville-Elgin,284000295
Revolution,Namaste Wellness - Hodgkins,6119 East Ave A,Hodgkins,60525,Cook,Chicago-Naperville-Elgin,284000279
Revolution,Revolution - Maryville,2533 Vandalia St,Collinsville,62234,Madison,"St. Louis, MO",284000167
Revolution,Revolution - Moline,4301 44th Ave,Moline,61265,Rock Island,Davenport-Moline-Rock Island,284000174
Revolution,Spark'd - Richmond,9705 Prairie Ridge,Richmond,60071,McHenry,Chicago-Naperville-Elgin,284000273
Sol Canna,Zen Leaf - Greektown,222 S Halsted St,Chicago,60661,Cook,Chicago-Naperville-Elgin,284000107
Sol Canna,Zen Leaf - Naperville,"1516 N. Naper Blvd, Spc 100",Naperville,60563,DuPage,Chicago-Naperville-Elgin,284000078
Sol Canna,Zen Leaf - Pilsen,1301 S Western Ave,Chicago,60608,Cook,Chicago-Naperville-Elgin,280000051
Sol Canna,Zen Leaf - Rogers Park,7305 N Rogers Ave,Chicago,60626,Cook,Chicago-Naperville-Elgin,280000054
Curaleaf,Curaleaf - Justice,8340 S Roberts Rd,Justice,60458,Cook,Chicago-Naperville-Elgin,280000021
Curaleaf,Curaleaf - Lincoln Park,923 W. Weed St.,Chicago,60642,Cook,Chicago-Naperville-Elgin,284000089
Curaleaf,Ivy Hall - Bolingbrook,361 S Bolingbrook Dr,Bolingbrook,60440,Will,Chicago-Naperville-Elgin,284000183
Curaleaf,Ivy Hall - Crystal Lake,501 Pingree Rd.,Crystal Lake,60014,McHenry,Chicago-Naperville-Elgin,284000313
Curaleaf,Ivy Hall - Damen,1720 N Damen Ave.,Chicago,60647,Cook,Chicago-Naperville-Elgin,284000232
Curaleaf,Ivy Hall - Logan Square,3115 W Armitage Ave,Chicago,60647,Cook,Chicago-Naperville-Elgin,284000184
Curaleaf,Ivy Hall - Montgomery,1970 Caterpillar Dr,Montgomery,60538,Kane,Chicago-Naperville-Elgin,284000181
Curaleaf,Ivy Hall - Streamwood,630 S Sutton Rd,Streamwood,60107,Cook,Chicago-Naperville-Elgin,284000141
Curaleaf,Ivy Hall - Waukegan,996 S Waukegan Rd.,Waukegan,60085,Lake,Chicago-Naperville-Elgin,284000180
Curaleaf,Spark'd - Richmond,9705 Prairie Ridge,Richmond,60071,McHenry,Chicago-Naperville-Elgin,284000273
Curaleaf,Zen Leaf - Pilsen,1301 S Western Ave,Chicago,60608,Cook,Chicago-Naperville-Elgin,280000051
Elevated Cannabis,Terrabis - Grayville,105 Koehler St.,Grayville,62844,White,South Illinois Nonmetropolitan,284000227
KANHA,Aces Dispensary - Plainfield,12627 S Route 59,Plainfield,60585,Will,Chicago-Naperville-Elgin,284000198
KANHA,Ivy Hall - Bolingbrook,361 S Bolingbrook Dr,Bolingbrook,60440,Will,Chicago-Naperville-Elgin,284000183
KANHA,Ivy Hall - Crystal Lake,501 Pingree Rd.,Crystal Lake,60014,McHenry,Chicago-Naperville-Elgin,284000313
KANHA,Ivy Hall - Damen,1720 N Damen Ave.,Chicago,60647,Cook,Chicago-Naperville-Elgin,284000232
KANHA,Ivy Hall - Glendale Heights,2130 Bloomingdale Rd Unit B,Glendale Heights,60139,DuPage,Chicago-Naperville-Elgin,284000182
KANHA,Ivy Hall - Logan Square,3115 W Armitage Ave,Chicago,60647,Cook,Chicago-Naperville-Elgin,284000184
KANHA,Ivy Hall - Montgomery,1970 Caterpillar Dr,Montgomery,60538,Kane,Chicago-Naperville-Elgin,284000181
KANHA,Tree Haus - Diamond,2910 E. Division St,Diamond,60416,Will,Chicago-Naperville-Elgin,284000161
KANHA,Windy City Cannabis - Litchfield,719 W Union Ave,Litchfield,62056,Montgomery,West Central Illinois Nonmetropolitan,280000052
KANHA,Windy City Cannabis - Macomb,518 W Jackson St,Macomb,61455,McDonough,West Central Illinois Nonmetropolitan,284000112
KANHA,Ivy Hall - Edwardsville,6197 Old Alton Edwardsville Rd,Edwardsville,62025,Madison,"St. Louis, MO",284000302
KANHA,Ivy Hall - Peoria,3929 W. War Memorial Dr,Peoria,61615,Peoria,Peoria,284000230
KANHA,Ivy Hall - Streamwood,630 S Sutton Rd,Streamwood,60107,Cook,Chicago-Naperville-Elgin,284000141
KANHA,Ivy Hall - Waukegan,996 S Waukegan Rd.,Waukegan,60085,Lake,Chicago-Naperville-Elgin,284000180
KANHA,Tru Essence - Arlington Heights,792 E Rand Rd.,Arlington Heights,60004,Cook,Chicago-Naperville-Elgin,284000204
KANHA,Windy City Cannabis - Carpentersville,125 S Western Ave,Carpentersville,60110,Kane,Chicago-Naperville-Elgin,284000111
KANHA,Windy City Cannabis - Homewood,1137 W. 175th St,Homewood,60430,Cook,Chicago-Naperville-Elgin,280000019
Revolution,Nirvana - Chicago,2301 W Lawrence Ave,Chicago,60625,Cook,Chicago-Naperville-Elgin,284000252
Revolution,Nirvana - Lake Zurich,676 S Rand Rd,Zake Zurich,60047,Lake,Chicago-Naperville-Elgin,284000251
Revolution,Nirvana - Mt. Carmel,825 Chestnut St,Mount Carmel,62863,Wabash,South Illinois Nonmetropolitan,284000255
Revolution,Nirvana - Palatine,333 East Lake Cook Rd,Palatine,60074,Cook,Chicago-Naperville-Elgin,284000250
Revolution,Revolution - Normal,1609 Northbrook Dr,Normal,61761,McLean,Bloomington,284000221
Revolution,Revolution - Schaumburg,820 E. Golf Rd.,Schaumburg,60173,Cook,Chicago-Naperville-Elgin,284000123
Six Labs,Nirvana - Mt. Carmel,825 Chestnut St,Mount Carmel,62863,Wabash,South Illinois Nonmetropolitan,284000255
Six Labs,Terrabis - Grayville,105 Koehler St.,Grayville,62844,White,South Illinois Nonmetropolitan,284000227
Six Labs,High Profile - Martinsville,3001 N York St.,Martinsville,62442,Clark,East Central IL Nonmetropolitan,284000305
Six Labs,High Profile - Springfield,4211 Conestoga Dr,Springfield,62711,Sangamon,Springfield,284000178
Sol Canna,Zen Leaf - Prospect Heights,1434 N Rand Rd.,Prospect Heights,60070,Cook,Chicago-Naperville-Elgin,284000081
Sol Canna,Zen Leaf - St. Charles,3691 E. Main St.,Saint Charles,60174,Kane,Chicago-Naperville-Elgin,280000020
Timeless Select,Tree Haus - Diamond,2910 E. Division St,Diamond,60416,Will,Chicago-Naperville-Elgin,284000161
Timeless Select,Cannabist - Villa Park,133 Roosevelt Rd.,Villa Park,60181,DuPage,Chicago-Naperville-Elgin,284000065
Timeless Select,Curaleaf - Justice,8340 S Roberts Rd,Justice,60458,Cook,Chicago-Naperville-Elgin,280000021
Timeless Select,Curaleaf - Melrose Park,1413 West North Ave.,Melrose Park,60160,Cook,Chicago-Naperville-Elgin,284000091
Timeless Select,Curaleaf - Morris,2400 W US Route 6,Morris,60450,Grundy,Chicago-Naperville-Elgin,280000037
Timeless Select,Curaleaf - New Lenox,705 E Lincoln Hwy.,New Lenox,60451,Will,Chicago-Naperville-Elgin,280000017
Timeless Select,Curaleaf - Westmont,11 E. Ogden Ave.,Westmont,60559,DuPage,Chicago-Naperville-Elgin,284000117
Timeless Select,Curaleaf - Worth,11425 S Harlem Ave,Worth,60482,Cook,Chicago-Naperville-Elgin,280000023
Timeless Select,Village - Bucktown,1850 W Webster Ave,Chicago,60614,Cook,Chicago-Naperville-Elgin,284000208
Cannect Wellness,Bridge City - East Dubuque,122 Sinsinawa Ave,East Dubuque,61025,Jo Daviess,Northwest Illinois nonmetropolitan area,284000307
Cannect Wellness,Natures Treatment - Milan ,973 Tech Dr,Milan,61264,Rock Island,Davenport-Moline-Rock Island,280000025
Curaleaf,AuraLight - Aurora,1350 N Orchard Rd,Aurora,60506,Kane,Chicago-Naperville-Elgin,284000190
Curaleaf,Curaleaf - New Lenox,705 E Lincoln Hwy.,New Lenox,60451,Will,Chicago-Naperville-Elgin,280000017
Curaleaf,Ivy Hall - Glendale Heights,2130 Bloomingdale Rd Unit B,Glendale Heights,60139,DuPage,Chicago-Naperville-Elgin,284000182
Curaleaf,Be. - Blue Island,12720 Western Ave,Blue Island,60406,Cook,Chicago-Naperville-Elgin,284000245
Curaleaf,Be. - Oak Forest,5940 159th St,Oak Forest,60452,Cook,Chicago-Naperville-Elgin,284000246
Curaleaf,Starbuds - Burbank,7844 S Cicero Ave,Burbank,60459,Cook,Chicago-Naperville-Elgin,284000285
Curaleaf,Starbuds - Hoffman Estates,5 E Golf Rd,Hoffman Estates,60169,Cook,Chicago-Naperville-Elgin,284000271
Curaleaf,Starbuds - Riverside,2704 Harlem Ave,Riverside,60546,Cook,Chicago-Naperville-Elgin,284000268
Curaleaf,Starbuds - Summit,5436 S Harlem Ave,Summit,60501,Cook,Chicago-Naperville-Elgin,284000358
Curaleaf,Starbuds - Westmont,101 W Ogden Ave,Westmont,60559,DuPage,Chicago-Naperville-Elgin,284000164
Curaleaf,Sunnyside - Chi-River North,436 N. Clark St.,Chicago,60654,Cook,Chicago-Naperville-Elgin,284000053
Curaleaf,Sunnyside - Elmwood Park,7955 W Grand Ave,Elmwood Park,60707,Peoria,Peoria,280000034
Drecisco Farms,Kanha, 1121 Hickox DR,Lincoln,62656,Logan,Peoria,
Drecisco Farms,Rise - Canton,3104 N Main St,Canton,61520,Fulton,West Central Illinois Nonmetropolitan,280000003
Drecisco Farms,Rise - Quincy,2703 Broadway St,Quincy,62301,Adams,West Central Illinois Nonmetropolitan,284000047
Drecisco Farms,Windy City Cannabis - Macomb,518 W Jackson St,Macomb,61455,McDonough,West Central Illinois Nonmetropolitan,284000112
Elevated Cannabis,Cloud9 - Edwardsville,2341 Plum St,Edwardsville,62025,Madison,"St. Louis, MO",284000304
KANHA,Ascend - Adams St,628 E Adams St,Springfield,62701,Sangamon,Springfield,280000029
KANHA,Ascend - Fairview Heights,114 Commerce Ln,Fairview Heights,62208,St. Clair,"St. Louis, MO",284000104
KANHA,Ascend - Horizon Dr.,3201 Horizon Dr.,Springfield,62703,Sangamon,Springfield,284000069
KANHA,Dispensary 33 - Clark,5001 N Clark St,Chicago,60640,Cook,Chicago-Naperville-Elgin,280000012
KANHA,BLOC - Metropolis,2125 E 5th St,Metropolis,62960,Massac,South Illinois Nonmetropolitan,284000340
KANHA,Green Releaf - Bourbonnais,1660 N State Route 50,Bourbonnais,60914,Kankakee,Kankakee,284000311
KANHA,Green Releaf - Villa Park,305 W North Ave,Villa Park,60181,DuPage,Chicago-Naperville-Elgin,284000148
KANHA,High Haven - Normal,106 Mall Dr,Normal,61761,McLean,Bloomington,284000332
Revolution,Emerald - Island Lake,660 E State Rd.,Island Lake,60042,Lake,Chicago-Naperville-Elgin,284000256
Revolution,Revolution - Mt Prospect,2015 E Euclid Ave,Mt Prospect,60056,Cook,Chicago-Naperville-Elgin,280000015
Revolution,Altius - Round Lake Beach,993 E Rollins Rd,Round Lake Beach,60073,Lake,Chicago-Naperville-Elgin,284000163
Revolution,Grasshopper Club - South Loop,58 E Roosevelt Rd Fl 1,Chicago,60605,Cook,Chicago-Naperville-Elgin,284000188
Revolution,Mission - Calumet City,1330 Torrence Ave.,Calumet City,60409,Cook,Chicago-Naperville-Elgin,284000075
Revolution,Mission - Chicago,8554 S Commercial Ave,Chicago,60617,Cook,Chicago-Naperville-Elgin,280000053
Culinary,Cookies - Bloomington,1006 Jc Pkwy,Bloomington,61705,McLean,Bloomington,284000321
Curaleaf,Altius - Round Lake Beach,993 E Rollins Rd,Round Lake Beach,60073,Lake,Chicago-Naperville-Elgin,284000163
Curaleaf,Bud and Ritas - Wadsworth,41509 N US Highway 41,Wadsworth,60083,Lake,Chicago-Naperville-Elgin,284000277
Revolution,Bisa Lina - Carol Stream,720 E North Ave,Carol Stream,60188,DuPage,Chicago-Naperville-Elgin,284000318
Six Labs,Cloud9 - Edwardsville,2341 Plum St,Edwardsville,62025,Madison,"St. Louis, MO",284000304
Six Labs,High Profile - Metropolis,1801 E 5th St,Metropolis,62960,Massac,South Illinois Nonmetropolitan,284000314
Timeless Select,NuEra - Champaign,102 E. Green St.,Champaign,61820,Champaign,Champaign-Urbana,284000115
Cannect Wellness,Herb Social - Lawrenceville,616 12th St.,Lawrenceville,62439,Lawrence,East Central IL Nonmetropolitan,284000172
Cannect Wellness,Nirvana - Mt. Carmel,825 Chestnut St,Mount Carmel,62863,Wabash,South Illinois Nonmetropolitan,284000255
Curaleaf,River Bluff - Roselle,1350 Lake St.,Roselle,60172,DuPage,Chicago-Naperville-Elgin,284000205
KANHA,Galaxy - Richton Park,22214 Governors Hwy,Richton Park,60471,Cook,Chicago-Naperville-Elgin,284000244
KANHA,Herb Social - Lawrenceville,616 12th St.,Lawrenceville,62439,Lawrence,East Central IL Nonmetropolitan,284000172
KANHA,High Haven - Elgin,15 Clock Tower Plz,Elgin,60120,Kane,Chicago-Naperville-Elgin,284000329
KANHA,Mission - Norridge,4113 N Harlem Ave,Norridge,60706,Cook,Chicago-Naperville-Elgin,284000147
KANHA,Dispensary 33 - Fulton Market,1152 W. Randolph,Chicago,60607,Cook,Chicago-Naperville-Elgin,284000073
KANHA,Earthmed - McHenry,1711 N Richmond Rd.,McHenry,60051,McHenry,Chicago-Naperville-Elgin,284000144
KANHA,Earthmed - Rosemont,10441 E. Touhy Ave.,Rosemont,60018,Cook,Chicago-Naperville-Elgin,284000082
KANHA,Natures Treatment - Galesburg,735 W. Main St.,Galesburg,61401,Knox,West Central Illinois Nonmetropolitan,284000054
KANHA,Phili - Bourbonnais,1300 Locke Dr.,Bourbonnais,60914,Kankakee,Kankakee,284000229
KANHA,Revolution - Maryville,2533 Vandalia St,Collinsville,62234,Madison,"St. Louis, MO",284000167
KANHA,Revolution - Mt Prospect,2015 E Euclid Ave,Mt Prospect,60056,Cook,Chicago-Naperville-Elgin,280000015
KANHA,Revolution - Schaumburg,820 E. Golf Rd.,Schaumburg,60173,Cook,Chicago-Naperville-Elgin,284000123
KANHA,River Bluff - Roselle,1350 Lake St.,Roselle,60172,DuPage,Chicago-Naperville-Elgin,284000205
KANHA,Stash - Orland Hills,9545 167th St.,Orland Hills,60487,Cook,Chicago-Naperville-Elgin,284000281
KANHA,Stash - Peru,1320 38th St,Peru,61354,LaSalle,Northwest Illinois nonmetropolitan area,284000170
Revolution,Phili - Bourbonnais,1300 Locke Dr.,Bourbonnais,60914,Kankakee,Kankakee,284000229
Revolution,Revolution - Maryville,2533 Vandalia St,Collinsville,62234,Madison,"St. Louis, MO",284000167
Revolution,Revolution - Moline,4301 44th Ave,Moline,61265,Rock Island,Davenport-Moline-Rock Island,284000174
Revolution,"DRECISCO FARMS, LLC",21906 W GRANT HWY,MARENGO,60152,McHenry,Chicago-Naperville-Elgin,CG00000042
Revolution,Revolution - Normal,1609 Northbrook Dr,Normal,61761,McLean,Bloomington,284000221
Revolution,Revolution - Schaumburg,820 E. Golf Rd.,Schaumburg,60173,Cook,Chicago-Naperville-Elgin,284000123
Timeless Select,Beyond Hello - Bloomington,118 Keaton Place,Bloomington,61704,McLean,Bloomington,284000085
Timeless Select,NuEra - East Peoria,504 Riverside Dr,East Peoria,61611,Tazewell,Peoria,280000036
Timeless Select,NuEra - Pekin,3249 Court St.,Pekin,61554,Tazewell,Peoria,284000116
Timeless Select,NuEra - Urbana,105 E University Ave,Urbana,61801,Champaign,Champaign-Urbana,280000046
Timeless Select,Cannabist - Chicago,4758 N Milwaukee Ave,Chicago,60630,Cook,Chicago-Naperville-Elgin,280000044
Timeless Select,Cannabist - Villa Park,133 Roosevelt Rd.,Villa Park,60181,DuPage,Chicago-Naperville-Elgin,284000065
Timeless Select,Zen Leaf - Greektown,222 S Halsted St,Chicago,60661,Cook,Chicago-Naperville-Elgin,284000107
Curaleaf,Beyond/Hello - Normal,501 W Northtown Rd,Normal,61761,McLean,Bloomington,280000045
Curaleaf,High Profile - Martinsville,3001 N York St.,Martinsville,62442,Clark,East Central IL Nonmetropolitan,284000305
Curaleaf,Ivy Hall - Edwardsville,6197 Old Alton Edwardsville Rd,Edwardsville,62025,Madison,"St. Louis, MO",284000302
Curaleaf,Kush21 - Jacksonville,1112 Veterans Dr,Jacksonville,62650,Morgan,West Central Illinois Nonmetropolitan,284000213
Curaleaf,Mystic Greenz - Decatur,5405 Indus. Dr.,Decatur,62522,Macon,Decatur,284000312
Curaleaf,Mystic Greenz - Lincoln,1120 Woodlawn Rd,Lincoln,62656,Logan,West Central Illinois Nonmetropolitan,284000212
Curaleaf,Natures Treatment - Milan ,973 Tech Dr,Milan,61264,Rock Island,Davenport-Moline-Rock Island,280000025
Curaleaf,Noxx - East Peoria,300 S Main St,East Peoria,61611,Tazewell,Peoria,284000209
Curaleaf,NuEra - Champaign,102 E. Green St.,Champaign,61820,Champaign,Champaign-Urbana,284000115
Curaleaf,SHARE - Springfield,3600 S 6th Street Rd,Springfield,62703,Sangamon,Springfield,284000179
Curaleaf,The Dispensary - Champaign,1826 Glenn Park Dr,Champaign,61821,Champaign,Champaign-Urbana,284000216
Curaleaf,Zen Leaf - Aurora,740 IL Rte 59,Aurora,60504,DuPage,Chicago-Naperville-Elgin,284000068
Curaleaf,Zen Leaf - Greektown,222 S Halsted St,Chicago,60661,Cook,Chicago-Naperville-Elgin,284000107
Curaleaf,Zen Leaf - Naperville,"1516 N. Naper Blvd, Spc 100",Naperville,60563,DuPage,Chicago-Naperville-Elgin,284000078
Curaleaf,Zen Leaf - St. Charles,3691 E. Main St.,Saint Charles,60174,Kane,Chicago-Naperville-Elgin,280000020
Revolution,AuraLight - Aurora,1350 N Orchard Rd,Aurora,60506,Kane,Chicago-Naperville-Elgin,284000190
Revolution,NuEra - East Dubuque,20170 US Highway 20 W,East Dubuque,61025,Jo Daviess,Northwest Illinois nonmetropolitan area,284000211
Revolution,Revolution - Mt Prospect,2015 E Euclid Ave,Mt Prospect,60056,Cook,Chicago-Naperville-Elgin,280000015
Revolution,Windy City Cannabis - Carpentersville,125 S Western Ave,Carpentersville,60110,Kane,Chicago-Naperville-Elgin,284000111
Elevated Cannabis,Cloud9 - Edwardsville,2341 Plum St,Edwardsville,62025,Madison,"St. Louis, MO",284000304
KANHA,Beyond Hello - Bloomington,118 Keaton Place,Bloomington,61704,McLean,Bloomington,284000085
KANHA,Beyond Hello - Mississippi Ave,1401 Mississippi Ave. Ste. 17,Sauget,62201,St. Clair,"St. Louis, MO",284000079
KANHA,Beyond/Hello - Goose Lake,2021 Goose Lake Rd,Sauget,62206,St. Clair,"St. Louis, MO",280000043
KANHA,Beyond/Hello - Normal,501 W Northtown Rd,Normal,61761,McLean,Bloomington,280000045
KANHA,BLOC - Avondale,3545 N Kedzie Ave,Chicago,60618,Cook,Chicago-Naperville-Elgin,284000278
KANHA,EarthMed - Addison,852 S Westgate St,Addison,60101,DuPage,Chicago-Naperville-Elgin,280000005
KANHA,Revolution - Moline,4301 44th Ave,Moline,61265,Rock Island,Davenport-Moline-Rock Island,284000174
KANHA,Spark'd - Richmond,9705 Prairie Ridge,Richmond,60071,McHenry,Chicago-Naperville-Elgin,284000273
KANHA,Spark'd - South Loop,2114 S Wabash Ave,Chicago,60616,Cook,Chicago-Naperville-Elgin,284000192
KANHA,Spark'd - Winthrop Harbor,935 Sheridan Rd,Winthrop Harbor,60096,Lake,Chicago-Naperville-Elgin,284000272
KANHA,Cookies - Bloomington,1006 Jc Pkwy,Bloomington,61705,McLean,Bloomington,284000321
KANHA,Mystic Greenz - Belleville,360 S Green Mount Rd,Belleville,62221,St. Clair,"St. Louis, MO",284000330
KANHA,Planet 13 - Waukegan,4000 Northpoint Blvd,Waukegan,60085,Lake,Chicago-Naperville-Elgin,284000162
Six Labs,Cloud9 - Edwardsville,2341 Plum St,Edwardsville,62025,Madison,"St. Louis, MO",284000304
Six Labs,Cloudhaven - South Beloit,1322 Gardner St.,South Beloit,61080,Winnebago,Rockford,284000166
Six Labs,High Profile - Metropolis,1801 E 5th St,Metropolis,62960,Massac,South Illinois Nonmetropolitan,284000314
Six Labs,Consume - Carbondale,201 E. Main Street,Carbondale,62901,Jackson,Carbondale-Marion,284000058
Six Labs,Consume - Marion,8195 Express Dr,Marion,62959,Marion,East Central IL Nonmetropolitan,280000001
Timeless Select,Curaleaf - Northbrook,755 Skokie Blvd.,Northbrook,60602,Cook,Chicago-Naperville-Elgin,284000090
Timeless Select,Zen Leaf - Highland Park,2030 Skokie Valley Rd,Highland Park,60035,Lake,Chicago-Naperville-Elgin,280000032
Timeless Select,Zen Leaf - Lombard,783 Butterfield Rd.,Lombard,60148,DuPage,Chicago-Naperville-Elgin,284000101
Timeless Select,Zen Leaf - Rogers Park,7305 N Rogers Ave,Chicago,60626,Cook,Chicago-Naperville-Elgin,280000054
Timeless Select,Zen Leaf - St. Charles,3691 E. Main St.,Saint Charles,60174,Kane,Chicago-Naperville-Elgin,280000020
Curaleaf,Altius - Orland Hills,9101 159th St,Orland Hills,60487,Cook,Chicago-Naperville-Elgin,284000275
Curaleaf,Altius - Round Lake Beach,993 E Rollins Rd,Round Lake Beach,60073,Lake,Chicago-Naperville-Elgin,284000163
Curaleaf,High Haven - Darien,8131 Cass Ave,Darien,60561,DuPage,Chicago-Naperville-Elgin,284000328
Curaleaf,High Haven - Normal,106 Mall Dr,Normal,61761,McLean,Bloomington,284000332
Curaleaf,High Profile - Metropolis,1801 E 5th St,Metropolis,62960,Massac,South Illinois Nonmetropolitan,284000314
Curaleaf,High Profile - Springfield,4211 Conestoga Dr,Springfield,62711,Sangamon,Springfield,284000178
Curaleaf,Ivy Hall - Damen,1720 N Damen Ave.,Chicago,60647,Cook,Chicago-Naperville-Elgin,284000232
Curaleaf,Ivy Hall - Logan Square,3115 W Armitage Ave,Chicago,60647,Cook,Chicago-Naperville-Elgin,284000184
Curaleaf,Ivy Hall - Peoria,3929 W. War Memorial Dr,Peoria,61615,Peoria,Peoria,284000230
Curaleaf,Lux Leaf - Matteson,5539 Miller Circle Dr,Matteson,60443,Cook,Chicago-Naperville-Elgin,284000296
Curaleaf,Planet 13 - Waukegan,4000 Northpoint Blvd,Waukegan,60085,Lake,Chicago-Naperville-Elgin,284000162
Curaleaf,SHARE - Springfield,3600 S 6th Street Rd,Springfield,62703,Sangamon,Springfield,284000179
Curaleaf,Sociale - Park Ridge,1036 Higgins Rd,Park Ridge,60068,Cook,Chicago-Naperville-Elgin,284000317
Curaleaf,Terrabis - Grayville,105 Koehler St.,Grayville,62844,White,South Illinois Nonmetropolitan,284000227
Curaleaf,Terrabis - Woodstock,601 S Eastwood Dr,Woodstock,60098,McHenry,Chicago-Naperville-Elgin,284000315
Curaleaf,Village - Godfrey,110 Homer M Adams Pkwy,Alton,62002,Madison,"St. Louis, MO",284000234
Curaleaf,Zen Leaf - Highland Park,2030 Skokie Valley Rd,Highland Park,60035,Lake,Chicago-Naperville-Elgin,280000032
Curaleaf,Zen Leaf - Lombard,783 Butterfield Rd.,Lombard,60148,DuPage,Chicago-Naperville-Elgin,284000101
Curaleaf,Zen Leaf - Prospect Heights,1434 N Rand Rd.,Prospect Heights,60070,Cook,Chicago-Naperville-Elgin,284000081
Curaleaf,Zen Leaf - Rogers Park,7305 N Rogers Ave,Chicago,60626,Cook,Chicago-Naperville-Elgin,280000054
Curaleaf,Ash Ivy - Benton,9 N Rend Lake Plz,Benton,62812,Franklin,South Illinois Nonmetropolitan,284000349
Curaleaf,Key Cannabis - Carbondale,1010 E Main St,Carbondale,62901,Jackson,Carbondale-Marion,284000215
Curaleaf,Namaste Wellness - Hodgkins,6119 East Ave A,Hodgkins,60525,Cook,Chicago-Naperville-Elgin,284000279
Curaleaf,Noxx - East Peoria,300 S Main St,East Peoria,61611,Tazewell,Peoria,284000209
Curaleaf,Terrabis - Plainfield,16020 S Route 59,Plainfield,60586,Will,Chicago-Naperville-Elgin,284000286
Curaleaf,The Dispensary - Champaign,1826 Glenn Park Dr,Champaign,61821,Champaign,Champaign-Urbana,284000216
Curaleaf,Windy City Cannabis - Homewood,1137 W. 175th St,Homewood,60430,Cook,Chicago-Naperville-Elgin,280000019
Curaleaf,Zen Leaf - Aurora,740 IL Rte 59,Aurora,60504,DuPage,Chicago-Naperville-Elgin,284000068
Revolution,Terrace - Milan,800 Tech Dr,Milan,61264,Rock Island,Davenport-Moline-Rock Island,284000176
Revolution,Terrace - Moline,2727 Avenue of the Cities,Moline,61265,Rock Island,Davenport-Moline-Rock Island,284000175
Revolution,Grasshopper Club - South Loop,58 E Roosevelt Rd Fl 1,Chicago,60605,Cook,Chicago-Naperville-Elgin,284000188
Revolution,NuEra - East Peoria,504 Riverside Dr,East Peoria,61611,Tazewell,Peoria,280000036
Curaleaf,Bisa Lina - Carol Stream,720 E North Ave,Carol Stream,60188,DuPage,Chicago-Naperville-Elgin,284000318
Curaleaf,Dispensary 33 - Clark,5001 N Clark St,Chicago,60640,Cook,Chicago-Naperville-Elgin,280000012
Curaleaf,EarthMed - Addison,852 S Westgate St,Addison,60101,DuPage,Chicago-Naperville-Elgin,280000005
Curaleaf,Earthmed - McHenry,1711 N Richmond Rd.,McHenry,60051,McHenry,Chicago-Naperville-Elgin,284000144
Curaleaf,Earthmed - Rosemont,10441 E. Touhy Ave.,Rosemont,60018,Cook,Chicago-Naperville-Elgin,284000082
Curaleaf,Lux Leaf - Matteson,5539 Miller Circle Dr,Matteson,60443,Cook,Chicago-Naperville-Elgin,284000296
Curaleaf,Planet 13 - Waukegan,4000 Northpoint Blvd,Waukegan,60085,Lake,Chicago-Naperville-Elgin,284000162
Curaleaf,Rise - Joliet  Rock Creek,1627 Rock Creek Blvd,Joliet,60431,Will,Chicago-Naperville-Elgin,280000011
Curaleaf,Terrabis - Grayville,105 Koehler St.,Grayville,62844,White,South Illinois Nonmetropolitan,284000227
Curaleaf,Terrabis - Plainfield,16020 S Route 59,Plainfield,60586,Will,Chicago-Naperville-Elgin,284000286
Curaleaf,Terrabis - Woodstock,601 S Eastwood Dr,Woodstock,60098,McHenry,Chicago-Naperville-Elgin,284000315
Curaleaf,Terrace - Alton,1400 E Broadway,Alton,62002,Madison,"St. Louis, MO",284000258
Curaleaf,Zen Leaf - Pilsen,1301 S Western Ave,Chicago,60608,Cook,Chicago-Naperville-Elgin,280000051
KANHA,Bisa Lina - Carol Stream,720 E North Ave,Carol Stream,60188,DuPage,Chicago-Naperville-Elgin,284000318
KANHA,Dispensary 33 - Fulton Market,1152 W. Randolph,Chicago,60607,Cook,Chicago-Naperville-Elgin,284000073
KANHA,Grasshopper Club - Logan Square,2551 N. Milwaukee Ave.,Chicago,60647,Cook,Chicago-Naperville-Elgin,284000187
KANHA,Snap Canna - Elk Grove Vilage,840 E. Higgins Rd.,Elk Grove Village,60007,Cook,Chicago-Naperville-Elgin,284000222
KANHA,Spark'd - South Loop,2114 S Wabash Ave,Chicago,60616,Cook,Chicago-Naperville-Elgin,284000192
KANHA,Spark'd - Wicker Park,1212 N Ashland Ave,Chicago,60622,Cook,Chicago-Naperville-Elgin,284000193
Revolution,Aroma Hill - Hoffman Estates,1237 North Barrington Road,Hoffman Estates,60169,Cook,Chicago-Naperville-Elgin,284000287
Revolution,Bloom Wellness - Hometown,4140 Southwest Hwy,Hometown,60456,Cook,Chicago-Naperville-Elgin,284000335
Revolution,Bloom Wellness - Normal,1730 Bradford Ln Ste 185,Normal,61761,McLean,Bloomington,284000325
Revolution,Bloom Wellness - Quincy (4440),4440 Broadway St Ste 1,Quincy,62305,Adams,West Central Illinois Nonmetropolitan,284000004
Revolution,Bloom Wellness - Quincy (4440),4440 Broadway St Ste 1,Quincy,62305,Adams,West Central Illinois Nonmetropolitan,284000004
Revolution,Nirvana - Chicago,2301 W Lawrence Ave,Chicago,60625,Cook,Chicago-Naperville-Elgin,284000252
Revolution,Nirvana - Lake Zurich,676 S Rand Rd,Zake Zurich,60047,Lake,Chicago-Naperville-Elgin,284000251
Revolution,Nirvana - Mt. Carmel,825 Chestnut St,Mount Carmel,62863,Wabash,South Illinois Nonmetropolitan,284000255
Revolution,Nirvana - Palatine,333 East Lake Cook Rd,Palatine,60074,Cook,Chicago-Naperville-Elgin,284000250
Revolution,Revolution - Mt Prospect,2015 E Euclid Ave,Mt Prospect,60056,Cook,Chicago-Naperville-Elgin,280000015
Revolution,Zen Leaf - Highland Park,2030 Skokie Valley Rd,Highland Park,60035,Lake,Chicago-Naperville-Elgin,280000032
Six Labs,Zen Leaf - Highland Park,2030 Skokie Valley Rd,Highland Park,60035,Lake,Chicago-Naperville-Elgin,280000032
Sol Canna,Revolution - Maryville,2533 Vandalia St,Collinsville,62234,Madison,"St. Louis, MO",284000167
